image_number,label
678843,v
480754,v
411357,v
765313,v
477095,v
643409,v
820260,v
996161,v
553663,v
725948,v
952415,v
627438,v
406332,v
127016,v
200244,v
728913,v
480721,v
821106,v
786237,v
571650,v
522244,v
830460,v
125885,v
126161,v
943026,v
937583,v
388822,v
482615,v
151563,v
134055,v
433816,v
288316,v
569936,v
977965,v
782239,v
283707,v
164053,v
615115,v
516998,v
176037,v
277707,v
526257,v
642804,v
631810,v
121999,v
298185,v
12323,v
350877,v
698045,v
222317,v
97359,v
135870,v
323064,v
833289,v
144129,v
440917,v
194718,v
93808,v
311877,v
727067,v
531111,v
590082,v
742849,v
579365,v
703814,v
72692,v
291077,v
676746,v
407592,v
716409,v
530032,v
374313,v
394423,v
866450,v
338113,v
951828,v
184456,v
773422,v
790645,v
570895,v
380596,v
748778,v
414758,v
398172,v
173423,v
157636,v
65942,v
655348,v
141880,v
556376,v
60272,v
889855,v
143927,v
2187,v
539243,v
404015,v
516479,v
452413,v
207352,v
985418,v
637999,v
274336,v
308974,v
247908,v
590270,v
619696,v
232204,v
502175,v
352103,v
602251,v
413532,v
774639,v
861858,v
281373,v
871158,v
178296,v
907021,v
88302,v
428638,v
908017,v
131004,v
647952,v
738924,v
886643,v
615197,v
97799,v
401013,v
126202,v
751616,v
462092,v
651084,v
440420,v
83791,v
634044,v
419007,v
310809,v
932063,v
114010,v
416704,v
466995,v
645972,v
712593,v
928864,v
984404,v
431978,v
15116,v
89242,v
648033,v
694089,v
765820,v
595983,v
226905,v
630759,v
601648,v
80691,v
759161,v
547026,v
582943,v
923882,v
532465,v
13731,v
969246,v
540282,v
391770,v
30461,v
758171,v
871901,v
741067,v
394798,v
544392,v
809195,v
960002,v
178130,v
866453,v
343130,v
984080,v
99122,v
880624,v
254793,v
829151,v
839446,v
183024,v
813171,v
645499,v
619265,v
827543,v
35010,v
333964,v
611709,v
187063,v
984766,v
45591,v
568933,v
865718,v
650558,v
850187,v
925337,v
517257,v
217984,v
789694,v
35169,v
293128,v
868173,v
665442,v
879725,v
478096,v
32583,v
928665,v
946301,v
2431,v
309878,v
651127,v
313673,v
358243,v
894829,v
257351,v
523869,v
282745,v
175183,v
117827,v
888752,v
966551,v
25825,v
84821,v
103088,v
447185,v
356440,v
515882,v
938972,v
939077,v
281833,v
37180,v
604008,v
489572,v
898886,v
529049,v
450472,v
748371,v
720509,v
196681,v
865796,v
496195,v
817417,v
515518,v
87695,v
734459,v
621839,v
137046,v
888015,v
88919,v
591309,v
586373,v
466196,v
851856,v
352475,v
538785,v
33717,v
177696,v
502610,v
910175,v
339974,v
392653,v
670979,v
401392,v
625494,v
61836,v
80636,v
179559,v
583318,v
264603,v
69837,v
659390,v
825539,v
77338,v
964651,v
57153,v
686841,v
972425,v
438715,v
605484,v
860966,v
887743,v
299140,v
422757,v
929964,v
517953,v
181644,v
298509,v
677090,v
613484,v
16473,v
944793,v
786351,v
826671,v
460665,v
394655,v
865885,v
295187,v
442037,v
744314,v
829492,v
39369,v
588759,v
983146,v
479898,v
286420,v
476015,v
32400,v
406339,v
756686,v
587270,v
869061,v
230755,v
676651,v
17215,v
609019,v
48737,v
722670,v
633801,v
377928,v
139570,v
694029,v
104946,v
52748,v
539956,v
172922,v
950025,v
585233,v
125613,v
562464,v
428053,v
706165,v
653302,v
405486,v
95057,v
771687,v
960304,v
593665,v
846152,v
715144,v
269537,v
290846,v
978476,v
636572,v
509603,v
32556,v
407202,v
604625,v
644240,v
235018,v
289169,v
933591,v
155161,v
988515,v
892353,v
173806,v
75842,v
819409,v
210704,v
573624,v
37664,v
931837,v
807819,v
811100,v
53106,v
491582,v
471358,v
491567,v
968305,v
165493,v
885162,v
618740,v
303391,v
52832,v
549633,v
107255,v
764634,v
665468,v
702736,v
468084,v
457486,v
545422,v
914389,v
334132,v
228464,v
70687,v
872255,v
930507,v
17839,v
367101,v
843301,v
408153,v
18225,v
199307,v
788419,v
476356,v
708012,v
136203,v
995916,v
185751,v
650840,v
297535,v
386678,v
377747,v
879947,v
973123,v
723277,v
210861,v
298489,v
505376,v
906030,v
735399,v
48061,v
571934,v
277972,v
406786,v
715030,v
449158,v
683565,v
202222,v
907730,v
487843,v
919955,v
682622,v
85591,v
678870,v
232686,v
203014,v
784446,v
434610,v
90417,v
332306,v
504703,v
221120,v
42974,v
35607,v
748777,v
516857,v
670392,v
999564,v
714952,v
905982,v
147089,v
43835,v
686133,v
720614,v
494166,v
345161,v
574342,v
364890,v
11399,v
933277,v
286243,v
348492,v
714814,v
209112,v
575985,v
665400,v
144848,v
380445,v
103578,v
220408,v
50044,v
536761,v
759592,v
985256,v
678514,v
423831,v
531322,v
734124,v
897369,v
571692,v
389566,v
318149,v
158895,v
226274,v
207382,v
314867,v
780136,v
293633,v
795881,v
860885,v
623283,v
748072,v
385383,v
123307,v
750959,v
509591,v
7691,v
526545,v
132624,v
454681,v
882373,v
275364,v
616585,v
11955,v
595654,v
794748,v
288465,v
57061,v
511415,v
612026,v
11721,v
127899,v
891580,v
590313,v
26250,v
502025,v
888390,v
136659,v
231129,v
668058,v
654593,v
162814,v
223773,v
762662,v
435293,v
238976,v
739617,v
551896,v
853467,v
372559,v
411832,v
67824,v
49987,v
304524,v
143398,v
704259,v
945113,v
894839,v
465377,v
415813,v
619883,v
44537,v
247067,v
59026,v
654735,v
697706,v
173403,v
923732,v
761632,v
942311,v
185517,v
342494,v
766364,v
939167,v
20180,v
198739,v
127852,v
775411,v
998256,v
938264,v
571163,v
636045,v
182642,v
562498,v
376905,v
407681,v
814206,v
487377,v
567381,v
753788,v
492611,v
786228,v
829017,v
667429,v
50375,v
506796,v
280257,v
883372,v
98382,v
457099,v
638053,v
898221,v
414787,v
468259,v
825787,v
224673,v
29469,v
270628,v
856710,v
359950,v
61913,v
521631,v
831716,v
803937,v
161711,v
139352,v
607777,v
359057,v
340039,v
925712,v
813595,v
370301,v
54740,v
381640,v
357752,v
36131,v
730505,v
492904,v
70500,v
221692,v
287136,v
613505,v
894207,v
513060,v
449118,v
519521,v
154342,v
525330,v
113388,v
350477,v
626945,v
842013,v
978999,v
708316,v
358920,v
519193,v
563195,v
355899,v
838601,v
60216,v
966089,v
178615,v
374399,v
226218,v
284160,v
211213,v
162352,v
627499,v
815499,v
608893,v
98113,v
153306,v
471927,v
409320,v
669103,v
898141,v
619220,v
686636,v
124118,v
677594,v
296181,v
817444,v
248958,v
229645,v
361133,v
490811,v
527925,v
313155,v
854224,v
313556,v
885429,v
731825,v
567892,v
306422,v
39253,v
832822,v
312166,v
308302,v
679493,v
273254,v
413830,v
703369,v
8903,v
368298,v
434242,v
835258,v
728726,v
996933,v
888311,v
914599,v
987130,v
384911,v
102300,v
372567,v
688578,v
309031,v
907576,v
312118,v
126385,v
41456,v
193609,v
187553,v
81757,v
701137,v
507314,v
134802,v
976546,v
839843,v
820099,v
627564,v
115864,v
600983,v
715681,v
23409,v
768323,v
58277,v
474132,v
555872,v
252787,v
889238,v
376859,v
549880,v
687585,v
238906,v
922664,v
684609,v
389694,v
942552,v
858142,v
479976,v
397330,v
368733,v
593964,v
809830,v
757555,v
650159,v
101578,v
932034,v
243762,v
278456,v
370586,v
670805,v
856811,v
909311,v
104445,v
152504,v
656350,v
657072,v
704169,v
934577,v
977435,v
772948,v
660467,v
34064,v
23728,v
442773,v
918911,v
780013,v
201254,v
958149,v
795461,v
937387,v
815578,v
114559,v
244433,v
396371,v
566961,v
890238,v
497992,v
431912,v
508593,v
996247,v
506729,v
429084,v
67799,v
595795,v
795252,v
697072,v
883131,v
708359,v
159424,v
134961,v
255450,v
200307,v
567499,v
634290,v
766322,v
851113,v
784855,v
880954,v
174999,v
594843,v
114128,v
194562,v
659267,v
592412,v
12754,v
368241,v
989634,v
701473,v
852522,v
692984,v
968746,v
939167,v
453746,v
582463,v
638838,v
973612,v
340913,v
734948,v
936936,v
957023,v
984846,v
927984,v
941733,v
304861,v
732211,v
643918,v
890194,v
717779,v
42125,v
51243,v
760232,v
342794,v
448340,v
271592,v
690956,v
725606,v
408313,v
985430,v
355212,v
221996,v
205069,v
806311,v
568324,v
223626,v
477516,v
914342,v
283579,v
609726,v
166942,v
239823,v
812071,v
184125,v
871448,v
811700,v
624769,v
346197,v
463368,v
275726,v
767809,v
4235,v
963353,v
846648,v
789342,v
141473,v
910991,v
436894,v
256632,v
522265,v
815185,v
339411,v
135221,v
138973,v
178359,v
846230,v
749432,v
681913,v
139787,v
719034,v
774062,v
497402,v
692237,v
86648,v
551518,v
204376,v
213268,v
168747,v
827314,v
522187,v
606303,v
305597,v
120555,v
579148,v
847810,v
845234,v
943281,v
923154,v
248216,v
330023,v
586803,v
771883,v
563093,v
931883,v
75177,v
629365,v
966208,v
292693,v
824851,v
45915,v
815996,v
771581,v
896930,v
432082,v
770807,v
193697,v
415848,v
11575,v
981671,v
982082,v
18679,v
888390,v
413161,v
787965,v
811146,v
200287,v
105332,v
419485,v
489224,v
689366,v
668388,v
906560,v
651401,v
493558,v
915482,v
715309,v
235632,v
284447,v
416793,v
299815,v
103837,v
265899,v
418764,v
874470,v
730560,v
836690,v
812794,v
880380,v
499425,v
390517,v
515638,v
293702,v
766164,v
192349,v
529427,v
760661,v
475304,v
11752,v
82567,v
458465,v
509419,v
351290,v
377907,v
686903,v
682540,v
102524,v
95979,v
67325,v
777312,v
437957,v
173966,v
645009,v
283484,v
116304,v
755968,v
146756,v
735220,v
833042,v
871012,v
303666,v
388694,v
507112,v
986218,v
670841,v
620271,v
144266,v
96381,v
758354,v
462333,v
49157,v
341134,v
709917,v
7676,v
727899,v
899832,v
24053,v
274329,v
59019,v
625512,v
259739,v
535686,v
204901,v
751969,v
825492,v
439709,v
132730,v
325622,v
699649,v
880232,v
571,v
441939,v
298643,v
733711,v
300157,v
256133,v
612064,v
197421,v
171134,v
454673,v
131015,v
730706,v
584775,v
887476,v
228609,v
29992,v
438024,v
516013,v
529944,v
899506,v
988793,v
12485,v
729323,v
180862,v
112033,v
334312,v
127277,v
6202,v
92689,v
786346,v
794666,v
109847,v
6227,v
489493,v
515265,v
733520,v
778722,v
613371,v
339851,v
733448,v
452273,v
187165,v
401437,v
679848,v
652159,v
30657,v
161980,v
297276,v
559453,v
602675,v
243176,v
122243,v
666187,v
745953,v
560007,v
284681,v
313494,v
157742,v
129960,v
86416,v
597667,v
947677,v
411175,v
401562,v
747657,v
381527,v
442501,v
576631,v
451032,v
657569,v
58141,v
44391,v
653187,v
508811,v
804993,v
223014,v
142351,v
816793,v
694252,v
352446,v
740188,v
819071,v
965512,v
94529,v
363203,v
275073,v
928046,v
460249,v
623581,v
379930,v
938762,v
864615,v
646108,v
922901,v
667984,v
853177,v
400012,v
224505,v
515504,v
298641,v
911073,v
266173,v
959873,v
649402,v
23473,v
839678,v
695105,v
938436,v
717220,v
181919,v
539405,v
874375,v
351041,v
442159,v
64254,v
46185,v
163645,v
967854,v
875229,v
141302,v
853839,v
62030,v
943654,v
934468,v
984522,v
683734,v
350762,v
613841,v
765760,v
641125,v
298831,v
133162,v
349350,v
947594,v
724350,v
401389,v
705738,v
404281,v
634605,v
409811,v
758717,v
801428,v
181733,v
40302,v
874590,v
211703,v
848940,v
9167,v
120622,v
287233,v
228997,v
753601,v
91424,v
581146,v
340864,v
228831,v
208077,v
844904,v
912158,v
766403,v
624677,v
142532,v
459245,v
904533,v
681614,v
912289,v
759018,v
364329,v
37573,v
256406,v
683112,v
668531,v
944791,v
46381,v
593009,v
894567,v
101242,v
127301,v
42580,v
933084,v
751337,v
485016,v
835590,v
418781,v
264934,v
602078,v
842477,v
742954,v
392816,v
324492,v
482149,v
209082,v
100021,v
538027,v
651665,v
567703,v
788324,v
921872,v
740677,v
279192,v
595201,v
808017,v
196472,v
416231,v
512005,v
562927,v
491423,v
437663,v
547423,v
837901,v
620217,v
335033,v
205020,v
458863,v
281682,v
841896,v
176900,v
16791,v
302776,v
68664,v
764346,v
360058,v
958213,v
451765,v
646186,v
828371,v
312087,v
5444,v
111001,v
165850,v
453804,v
898611,v
239166,v
275935,v
514482,v
539767,v
16469,v
988907,v
235579,v
976462,v
381791,v
281579,v
212232,v
872203,v
131047,v
62058,v
658397,v
353059,v
216974,v
146214,v
248418,v
461818,v
187070,v
996896,v
795557,v
741939,v
194347,v
38344,v
915607,v
961685,v
405604,v
989622,v
57335,v
365066,v
771107,v
148072,v
138639,v
901299,v
549846,v
157885,v
331063,v
55434,v
917850,v
672881,v
827558,v
757408,v
615618,v
891240,v
917069,v
149336,v
727491,v
532461,v
348830,v
938784,v
564220,v
108955,v
810526,v
273520,v
295082,v
688686,v
518555,v
570357,v
75073,v
541334,v
448055,v
247566,v
539457,v
559800,v
660428,v
78448,v
147420,v
114791,v
218753,v
837564,v
263709,v
308160,v
139398,v
538157,v
298843,v
221317,v
677391,v
793031,v
488260,v
102547,v
325225,v
123959,v
442907,v
500379,v
910366,v
737768,v
954892,v
285933,v
755285,v
602778,v
769547,v
934950,v
942317,v
911708,v
805367,v
503084,v
379785,v
624002,v
993167,v
856126,v
756755,v
536611,v
596762,v
784792,v
952882,v
99324,v
809530,v
866926,v
261927,v
655341,v
845258,v
670266,v
567863,v
908426,v
238161,v
599340,v
392038,v
725104,v
349464,v
225127,v
461677,v
591559,v
929658,v
270146,v
930356,v
112786,v
912457,v
948277,v
219237,v
578511,v
819928,v
818537,v
812557,v
907339,v
662565,v
265059,v
652900,v
162879,v
931686,v
679153,v
749992,v
647720,v
218709,v
904043,v
392030,v
417974,v
579639,v
399233,v
487442,v
739313,v
637335,v
509038,v
626693,v
991441,v
523587,v
859428,v
389710,v
392253,v
506244,v
755353,v
55572,v
299032,v
908934,v
688499,v
197033,v
815146,v
652550,v
86146,v
981358,v
634371,v
914864,v
271540,v
794892,v
719440,v
478968,v
874369,v
745354,v
646404,v
988321,v
206224,v
520874,v
657934,v
60278,v
581179,v
985502,v
279149,v
358816,v
468220,v
358471,v
11633,v
578437,v
672320,v
171152,v
437168,v
206269,v
275099,v
485588,v
270602,v
427998,v
115930,v
26361,v
516485,v
891344,v
884543,v
219021,v
730721,v
498887,v
526785,v
341004,v
948996,v
848221,v
675158,v
872311,v
927443,v
437580,v
459753,v
500267,v
667300,v
292914,v
956749,v
832865,v
202890,v
413928,v
205974,v
657300,v
83955,v
394806,v
294729,v
169766,v
754713,v
581092,v
543054,v
137451,v
51421,v
646759,v
604357,v
438786,v
479032,v
672424,v
585626,v
455108,v
47669,v
901941,v
318459,v
446922,v
629445,v
332317,v
778398,v
551702,v
174469,v
446784,v
385886,v
758160,v
524567,v
145869,v
11416,v
469172,v
706532,v
533299,v
398441,v
808025,v
369123,v
742431,v
138151,v
702709,v
491519,v
714321,v
224404,v
672618,v
755789,v
936737,v
925133,v
213010,v
831841,v
941444,v
251534,v
419387,v
44064,v
768042,v
144218,v
96669,v
209369,v
738608,v
596373,v
97881,v
740055,v
326239,v
457217,v
833772,v
736309,v
885111,v
90517,v
841304,v
336857,v
890188,v
654130,v
829211,v
900016,v
780826,v
863827,v
930248,v
983060,v
775416,v
518370,v
260935,v
247197,v
449760,v
164762,v
901495,v
626086,v
912940,v
670333,v
303886,v
487601,v
755695,v
529515,v
464597,v
406742,v
535728,v
829594,v
519153,v
528715,v
86447,v
494776,v
169159,v
529356,v
254408,v
951500,v
174631,v
254068,v
464968,v
343707,v
86174,v
363397,v
371662,v
241223,v
698739,v
923898,v
731255,v
619367,v
436920,v
292590,v
728263,v
557594,v
244451,v
640524,v
565749,v
554766,v
217587,v
787620,v
768661,v
958075,v
194731,v
45944,v
627150,v
509687,v
264981,v
563103,v
519383,v
421905,v
295187,v
584455,v
829119,v
451463,v
204825,v
214173,v
75661,v
53430,v
539399,v
532174,v
345526,v
23744,v
582242,v
88605,v
431623,v
72062,v
504121,v
651229,v
203151,v
162126,v
97900,v
535256,v
213222,v
329483,v
114940,v
645026,v
383694,v
894019,v
223364,v
601235,v
515162,v
801654,v
101723,v
345897,v
483086,v
833902,v
570967,v
304622,v
780555,v
71922,v
607873,v
899140,v
821438,v
787763,v
744143,v
360470,v
975919,v
700289,v
602195,v
963053,v
948184,v
35516,v
779621,v
222377,v
236621,v
457189,v
460578,v
135686,v
402470,v
416443,v
645680,v
629285,v
13899,v
522129,v
994548,v
382765,v
116865,v
63843,v
111955,v
870977,v
287998,v
559147,v
699039,v
82872,v
277525,v
856012,v
329611,v
570902,v
481042,v
594934,v
241006,v
571142,v
361478,v
742792,v
941105,v
982962,v
153761,v
513939,v
571090,v
164659,v
280588,v
885438,v
504209,v
416022,v
4799,v
842180,v
352790,v
65674,v
777640,v
971999,v
325044,v
154719,v
679688,v
643704,v
407110,v
248822,v
937266,v
558872,v
791773,v
292677,v
567792,v
567179,v
352524,v
183375,v
270991,v
761332,v
84329,v
302379,v
668802,v
925134,v
641358,v
406152,v
885461,v
213320,v
114405,v
763203,v
145276,v
155299,v
506092,v
435886,v
233334,v
439830,v
115869,v
529518,v
74027,v
824619,v
715474,v
216221,v
3544,v
545104,v
371427,v
558833,v
482163,v
963629,v
931007,v
454780,v
344149,v
11841,v
760179,v
584065,v
315492,v
125208,v
418463,v
188940,v
80128,v
320767,v
884467,v
870326,v
213601,v
410476,v
709092,v
271468,v
716605,v
204707,v
540157,v
554556,v
771818,v
944894,v
479718,v
285231,v
775035,v
870680,v
459068,v
295902,v
840360,v
48672,v
616141,v
630207,v
358739,v
431933,v
745302,v
918863,v
32839,v
804501,v
465956,v
5889,v
602217,v
467715,v
298059,v
77928,v
857802,v
841046,v
61347,v
330126,v
578901,v
767408,v
109435,v
586737,v
164310,v
976630,v
148400,v
805182,v
694610,v
640596,v
586986,v
987842,v
450407,v
616190,v
900323,v
312019,v
546694,v
521696,v
855454,v
807416,v
390139,v
498739,v
561885,v
737798,v
988496,v
21709,v
85764,v
86405,v
945011,v
6777,v
630498,v
332751,v
97820,v
716884,v
451349,v
561191,v
889618,v
371681,v
60776,v
88308,v
294243,v
665437,v
831437,v
193003,v
907407,v
819313,v
334624,v
66888,v
110122,v
672380,v
532801,v
781112,v
264358,v
887731,v
252139,v
958131,v
108005,v
653221,v
809447,v
992641,v
440712,v
246356,v
422856,v
102284,v
798449,v
288418,v
463225,v
49945,v
922698,v
894287,v
78174,v
418075,v
61544,v
851163,v
990233,v
101391,v
55753,v
639445,v
732211,v
468211,v
305244,v
148394,v
749271,v
917422,v
111612,v
708100,v
507119,v
375911,v
325071,v
545918,v
865618,v
744002,v
838894,v
725680,v
323263,v
826165,v
125080,v
407798,v
966216,v
810046,v
3040,v
539979,v
227480,v
615772,v
191886,v
821958,v
535811,v
510527,v
435068,v
428817,v
425422,v
484534,v
216460,v
584168,v
867173,v
37073,v
526357,v
426298,v
27344,v
253833,v
222857,v
301500,v
302030,v
337644,v
849519,v
222961,v
456570,v
211409,v
659696,v
282726,v
257539,v
974578,v
207508,v
80508,v
783765,v
41975,v
367396,v
191700,v
339640,v
385763,v
959802,v
211812,v
605916,v
75059,v
172643,v
280736,v
41263,v
850707,v
17669,v
928611,v
416895,v
825303,v
983921,v
934232,v
809418,v
879967,v
757620,v
392754,v
984160,v
732857,v
717061,v
721936,v
914825,v
728621,v
80675,v
209982,v
897609,v
274038,v
694835,v
872574,v
830482,v
217250,v
280580,v
730183,v
270589,v
102213,v
624657,v
173950,v
715271,v
24888,v
408218,v
516221,v
129278,v
825653,v
875583,v
693998,v
797758,v
495944,v
811585,v
923737,v
697775,v
827737,v
232487,v
834861,v
596411,v
805868,v
815346,v
711615,v
626668,v
186175,v
873710,v
588596,v
622392,v
397102,v
136470,v
601645,v
180585,v
331216,v
761746,v
880550,v
406510,v
348977,v
148471,v
740089,v
53698,v
384926,v
742128,v
747526,v
598757,v
456175,v
930990,v
512876,v
556991,v
709446,v
876156,v
490596,v
662871,v
902082,v
599716,v
929126,v
947013,v
965053,v
864334,v
849495,v
294741,v
396041,v
849358,v
82832,v
404238,v
933748,v
78437,v
540461,v
999070,v
981491,v
905573,v
535006,v
87334,v
367398,v
444089,v
813479,v
495763,v
708372,v
361744,v
307108,v
86683,v
948282,v
533293,v
119026,v
932065,v
391170,v
446790,v
648888,v
807026,v
252197,v
365811,v
11887,v
394436,v
699562,v
576634,v
237319,v
712410,v
461086,v
550463,v
648719,v
869532,v
312518,v
52301,v
559162,v
873582,v
919068,v
363337,v
487375,v
711973,v
363237,v
719206,v
876676,v
191112,v
651370,v
812154,v
68833,v
683270,v
463333,v
976922,v
917677,v
74927,v
176621,v
826496,v
892980,v
746295,v
760683,v
540884,v
563289,v
379914,v
332959,v
235010,v
866381,v
765722,v
220416,v
813828,v
701028,v
992677,v
988650,v
41780,v
836806,v
394474,v
618530,v
269350,v
366194,v
663768,v
283642,v
474946,v
644664,v
689733,v
428809,v
648081,v
315226,v
686511,v
631462,v
647046,v
258495,v
739026,v
540211,v
543514,v
863336,v
79256,v
532592,v
842715,v
179829,v
664236,v
258719,v
238171,v
308230,v
189744,v
355442,v
716808,v
502416,v
452323,v
415676,v
938766,v
670895,v
379147,v
121977,v
196388,v
991179,v
695982,v
663634,v
939476,v
844181,v
689341,v
244025,v
382443,v
164135,v
832312,v
743854,v
233769,v
528225,v
368731,v
72749,v
830586,v
56928,v
582020,v
503145,v
196062,v
485141,v
129928,v
104984,v
883251,v
60929,v
528112,v
591980,v
178343,v
90628,v
979965,v
238196,v
124129,v
948571,v
597271,v
249948,v
453430,v
246687,v
922943,v
117888,v
300267,v
852698,v
635783,v
373185,v
563998,v
602436,v
724869,v
828504,v
969563,v
361537,v
138834,v
166911,v
524487,v
821509,v
821617,v
542371,v
916830,v
535620,v
943117,v
732719,v
664444,v
446040,v
260850,v
243635,v
534204,v
374458,v
536614,v
86545,v
49319,v
437103,v
501032,v
57011,v
938649,v
808128,v
646566,v
695441,v
827913,v
686889,v
35594,v
735544,v
230160,v
621712,v
114888,v
845186,v
647708,v
29218,v
448081,v
40679,v
656560,v
468430,v
489341,v
737736,v
999386,v
429904,v
346631,v
145583,v
438143,v
15353,v
133928,v
314778,v
972074,v
305701,v
294555,v
48879,v
687836,v
974558,v
25593,v
584621,v
58082,v
218079,v
455833,v
854201,v
239405,v
380415,v
318915,v
18819,v
353415,v
565549,v
306592,v
506471,v
482281,v
677512,v
130951,v
321188,v
26344,v
253704,v
901081,v
391961,v
657183,v
957552,v
715168,v
878914,v
378215,v
767332,v
920279,v
25049,v
811695,v
651402,v
217084,v
325273,v
201948,v
954427,v
926660,v
712010,v
753311,v
964369,v
628671,v
740511,v
521245,v
366776,v
396854,v
831558,v
568583,v
641190,v
265002,v
349846,v
658522,v
281956,v
840437,v
823973,v
142569,v
316449,v
194395,v
588441,v
963082,v
722573,v
31798,v
837381,v
141616,v
406476,v
92316,v
556495,v
699528,v
673794,v
102714,v
13828,v
151529,v
394164,v
143332,v
721517,v
302534,v
472377,v
588565,v
349253,v
88782,v
629735,v
715632,v
604503,v
958208,v
345309,v
122853,v
33597,v
997796,v
101075,v
928901,v
862451,v
984362,v
907529,v
454466,v
605579,v
484791,v
428211,v
885237,v
953662,v
430203,v
969821,v
305225,v
919106,v
936533,v
21992,v
784537,v
957145,v
42069,v
366402,v
790645,v
714491,v
946244,v
289594,v
952149,v
127765,v
894662,v
643622,v
796100,v
738263,v
136485,v
235652,v
363696,v
916479,v
396327,v
39745,v
193924,v
235725,v
231930,v
765381,v
699307,v
866389,v
614728,v
430946,v
117455,v
765559,v
463113,v
942274,v
290569,v
694204,v
263037,v
806987,v
986052,v
373830,v
384462,v
997660,v
251187,v
413842,v
50816,v
934441,v
974247,v
189702,v
300913,v
629837,v
659378,v
783275,v
367850,v
550061,v
334962,v
798046,v
532083,v
356263,v
746404,v
794761,v
710361,v
367864,v
617753,v
796615,v
888373,v
50964,v
263777,v
213808,v
660738,v
423136,v
690901,v
262290,v
201963,v
835061,v
128864,v
154482,v
765270,v
491958,v
540357,v
584741,v
282265,v
290855,v
777009,v
888722,v
847712,v
717788,v
976549,v
236872,v
374194,v
294855,v
509489,v
716184,v
867101,v
448315,v
283556,v
950113,v
448054,v
37545,v
570710,v
884385,v
771549,v
176051,v
868152,v
615997,v
806265,v
453134,v
461054,v
400092,v
858996,v
151361,v
688054,v
9846,v
93382,v
842279,v
907640,v
36273,v
982755,v
101812,v
723546,v
346061,v
671302,v
170183,v
249197,v
757024,v
477883,v
240401,v
396152,v
550879,v
366991,v
433993,v
657653,v
625637,v
388421,v
403551,v
733937,v
683971,v
863880,v
139054,v
876727,v
655115,v
13008,v
262839,v
47576,v
850950,v
564829,v
447297,v
606941,v
132972,v
272750,v
300785,v
745414,v
868273,v
280605,v
385093,v
852656,v
67820,v
338587,v
444546,v
750539,v
95013,v
568078,v
866138,v
892937,v
206762,v
386907,v
782196,v
591807,v
480052,v
555985,v
420926,v
945017,v
926422,h
292312,h
463602,h
512346,h
779519,h
168484,h
435885,h
390420,h
580980,h
947765,h
153581,h
262358,h
532406,h
944498,h
11171,h
478541,h
598953,h
58920,h
350640,h
506028,h
600686,h
752937,h
213834,h
898722,h
794329,h
432523,h
149557,h
978567,h
64650,h
675107,h
545590,h
994218,h
884838,h
174195,h
644335,h
413190,h
627046,h
948283,h
602226,h
390139,h
237146,h
830708,h
476200,h
277167,h
53560,h
187562,h
607494,h
618042,h
577209,h
698126,h
224464,h
360274,h
967673,h
535592,h
334527,h
135965,h
823832,h
237562,h
684677,h
224084,h
21933,h
994220,h
919449,h
347309,h
123982,h
80560,h
735593,h
788900,h
180493,h
421533,h
514462,h
509422,h
427621,h
946507,h
849772,h
338683,h
863946,h
732867,h
656576,h
48276,h
101527,h
154385,h
597228,h
251570,h
60809,h
325034,h
638411,h
877012,h
641345,h
253512,h
250543,h
20850,h
937599,h
609764,h
252364,h
171081,h
715881,h
739352,h
799731,h
981192,h
969221,h
372051,h
46702,h
534506,h
138311,h
631757,h
198343,h
204526,h
192837,h
844384,h
137307,h
124482,h
504678,h
43479,h
538814,h
742132,h
531324,h
946458,h
747579,h
344460,h
528024,h
630169,h
884103,h
985318,h
420632,h
599783,h
691838,h
642782,h
878825,h
752203,h
967887,h
191796,h
509475,h
541390,h
619402,h
14353,h
725488,h
847287,h
492779,h
395636,h
447567,h
431651,h
587643,h
76576,h
727773,h
873398,h
315919,h
838190,h
956951,h
580772,h
802426,h
466775,h
876639,h
875787,h
818890,h
332848,h
715142,h
433846,h
809324,h
61341,h
776256,h
164752,h
402505,h
869727,h
11527,h
134100,h
371047,h
469282,h
152397,h
19734,h
440294,h
435008,h
92253,h
460322,h
961994,h
557105,h
731305,h
216760,h
710218,h
695928,h
287292,h
218568,h
222644,h
452142,h
819845,h
467252,h
956191,h
364780,h
823051,h
737676,h
610315,h
830353,h
740988,h
362229,h
921340,h
566841,h
80559,h
757642,h
379847,h
652358,h
209918,h
814382,h
797303,h
824618,h
622102,h
149553,h
992625,h
969100,h
103738,h
142569,h
917714,h
986938,h
821248,h
31041,h
224472,h
376777,h
830899,h
556593,h
300243,h
869543,h
365513,h
472451,h
430454,h
59691,h
219952,h
213435,h
179864,h
351911,h
595850,h
825859,h
262798,h
545813,h
216135,h
59136,h
931140,h
834237,h
149831,h
492891,h
922150,h
787023,h
216945,h
883318,h
524357,h
814501,h
871592,h
253796,h
93685,h
822084,h
713466,h
216235,h
87433,h
559549,h
163594,h
780022,h
132042,h
986913,h
453673,h
84553,h
970797,h
940226,h
125499,h
358635,h
334414,h
626416,h
271818,h
70388,h
159638,h
396613,h
938304,h
509338,h
446120,h
72028,h
255446,h
898242,h
806132,h
534098,h
861678,h
347463,h
705113,h
753983,h
427518,h
451298,h
310486,h
314114,h
995163,h
509411,h
136764,h
405375,h
254107,h
137702,h
861754,h
686506,h
463471,h
186084,h
794527,h
849104,h
705028,h
414766,h
592531,h
346378,h
190634,h
257795,h
412149,h
711240,h
607394,h
593669,h
394748,h
716602,h
382553,h
480579,h
452020,h
811456,h
930018,h
938826,h
507386,h
947915,h
846560,h
48372,h
674922,h
173424,h
642918,h
622812,h
790716,h
211190,h
835023,h
748644,h
713127,h
428909,h
984893,h
61421,h
687628,h
46346,h
909995,h
372690,h
229992,h
807518,h
53041,h
413095,h
714636,h
463058,h
285698,h
252537,h
696488,h
348355,h
570287,h
370965,h
246914,h
939385,h
723899,h
670442,h
757268,h
488086,h
113612,h
265605,h
391970,h
149472,h
942340,h
489682,h
902644,h
221246,h
709300,h
635113,h
610486,h
326952,h
232360,h
903039,h
474974,h
58941,h
246706,h
765884,h
451899,h
825050,h
459356,h
709972,h
674688,h
581069,h
462308,h
322228,h
789366,h
822574,h
339388,h
775087,h
882148,h
931202,h
474198,h
470477,h
162252,h
754788,h
505624,h
892247,h
649929,h
47730,h
643192,h
911453,h
924653,h
654819,h
346332,h
410703,h
641067,h
728057,h
644512,h
625563,h
602189,h
196583,h
190294,h
408426,h
193638,h
620720,h
823680,h
371423,h
827906,h
304236,h
678788,h
82895,h
618958,h
9648,h
678234,h
247904,h
788293,h
410606,h
559384,h
935108,h
29909,h
630211,h
699196,h
595719,h
275228,h
516287,h
902210,h
499882,h
416532,h
902248,h
381652,h
771714,h
669998,h
802430,h
81966,h
25395,h
915592,h
904642,h
486241,h
832083,h
868715,h
606439,h
624697,h
422033,h
235502,h
441886,h
24903,h
358749,h
782379,h
719058,h
49497,h
475569,h
96790,h
887085,h
94176,h
707964,h
830408,h
238931,h
498780,h
967461,h
654837,h
940947,h
639250,h
329185,h
136592,h
508001,h
587979,h
103601,h
502622,h
140937,h
338971,h
234232,h
565653,h
829171,h
51919,h
434753,h
751119,h
320302,h
447379,h
148886,h
715209,h
985324,h
508663,h
779059,h
296478,h
271505,h
451840,h
550910,h
627284,h
507682,h
420441,h
676262,h
390669,h
767245,h
794713,h
488367,h
46725,h
547431,h
538396,h
789680,h
499432,h
987843,h
427597,h
480773,h
532044,h
943436,h
865377,h
814240,h
894490,h
548889,h
819852,h
258978,h
122669,h
866120,h
114680,h
227784,h
635765,h
949928,h
787337,h
995781,h
52511,h
475986,h
588042,h
246507,h
29513,h
104315,h
490004,h
261853,h
927046,h
451377,h
974712,h
918040,h
902814,h
301953,h
232336,h
920004,h
969281,h
233237,h
966415,h
400948,h
914937,h
482627,h
548817,h
365345,h
191136,h
749036,h
200551,h
434950,h
757586,h
56876,h
482984,h
135336,h
589694,h
784031,h
769288,h
522534,h
543621,h
818413,h
956779,h
9398,h
355516,h
554344,h
419428,h
724290,h
617636,h
180899,h
624319,h
215109,h
264730,h
443724,h
864554,h
161026,h
654250,h
913665,h
550075,h
15616,h
525791,h
573235,h
170514,h
622901,h
691887,h
446040,h
955783,h
101037,h
234606,h
113094,h
42936,h
488028,h
501681,h
257954,h
951419,h
911998,h
727790,h
143039,h
916578,h
955349,h
539752,h
388802,h
990842,h
28257,h
127519,h
562538,h
40577,h
62104,h
503424,h
888795,h
334282,h
672180,h
625514,h
574028,h
99090,h
912059,h
521839,h
12132,h
710860,h
855979,h
525721,h
953598,h
295936,h
325761,h
363264,h
580288,h
702961,h
820894,h
31031,h
386899,h
530574,h
239396,h
157541,h
568937,h
990873,h
613729,h
830549,h
239000,h
13766,h
580930,h
793221,h
913512,h
682883,h
697277,h
970025,h
682214,h
46808,h
731101,h
582077,h
807917,h
165261,h
645322,h
296909,h
986578,h
493717,h
107929,h
143486,h
666208,h
32644,h
940895,h
756624,h
881690,h
115871,h
111377,h
56302,h
806019,h
660328,h
617797,h
863129,h
96025,h
820098,h
852706,h
981461,h
75404,h
810042,h
752549,h
971324,h
995268,h
94769,h
892294,h
228471,h
937831,h
239627,h
297580,h
161554,h
548541,h
129306,h
90895,h
356360,h
728543,h
45322,h
96322,h
804938,h
848174,h
772116,h
306070,h
245653,h
712864,h
703916,h
375611,h
653135,h
636648,h
689831,h
931753,h
819301,h
167089,h
188312,h
866943,h
857582,h
823301,h
877870,h
621409,h
239470,h
530304,h
116842,h
441568,h
887159,h
788985,h
843919,h
740823,h
373789,h
436955,h
344238,h
661442,h
529572,h
382269,h
171201,h
745782,h
474428,h
541909,h
550621,h
152830,h
781029,h
358691,h
33704,h
265069,h
729631,h
688927,h
314069,h
921051,h
37607,h
458426,h
631408,h
123508,h
515237,h
698416,h
455265,h
928733,h
325625,h
274624,h
277480,h
402093,h
616091,h
403434,h
266783,h
614915,h
957714,h
100324,h
695666,h
377511,h
914245,h
346811,h
669207,h
252961,h
189163,h
222276,h
642586,h
320608,h
827760,h
420052,h
66941,h
360129,h
456711,h
522846,h
607997,h
133495,h
204545,h
720293,h
194516,h
660373,h
940615,h
218325,h
567712,h
315887,h
349400,h
118156,h
97211,h
117995,h
42816,h
700161,h
898563,h
650002,h
255886,h
617701,h
297116,h
561028,h
781418,h
414444,h
569763,h
390988,h
212976,h
232864,h
354090,h
175181,h
399127,h
353684,h
855463,h
104803,h
899541,h
207580,h
276570,h
5966,h
399280,h
932987,h
263294,h
613812,h
696874,h
963887,h
756794,h
492705,h
966418,h
855215,h
984143,h
907299,h
858847,h
698849,h
128949,h
939922,h
870736,h
99273,h
911916,h
981721,h
997604,h
27283,h
226802,h
316355,h
498541,h
753497,h
488519,h
792648,h
521729,h
764234,h
633278,h
725920,h
362274,h
422491,h
755629,h
371189,h
707298,h
582645,h
232141,h
268522,h
868018,h
378995,h
477584,h
720296,h
54546,h
420581,h
276112,h
791138,h
19518,h
370197,h
820699,h
529553,h
623516,h
512057,h
797873,h
757289,h
347365,h
167046,h
57785,h
247788,h
64821,h
141415,h
116927,h
920330,h
930659,h
641487,h
337541,h
272213,h
203152,h
564752,h
928139,h
4818,h
71151,h
367281,h
935361,h
443376,h
190008,h
981139,h
582363,h
42030,h
720719,h
462614,h
479648,h
496222,h
858602,h
212263,h
16063,h
502416,h
567103,h
440528,h
688154,h
713367,h
667978,h
8969,h
807443,h
501390,h
808884,h
250132,h
750497,h
840538,h
524926,h
454282,h
331162,h
55825,h
720602,h
625901,h
565765,h
257444,h
99351,h
403583,h
313860,h
230740,h
87088,h
972776,h
129870,h
29752,h
207449,h
721124,h
835777,h
704537,h
445810,h
147927,h
244557,h
901748,h
769518,h
953438,h
338342,h
35128,h
27722,h
448458,h
598910,h
594109,h
489729,h
466767,h
40320,h
485394,h
51928,h
807819,h
745156,h
768160,h
429185,h
27488,h
806689,h
580989,h
145534,h
433554,h
148365,h
77349,h
3409,h
127465,h
597903,h
587286,h
973623,h
123219,h
883463,h
230788,h
497278,h
404096,h
593751,h
756720,h
448043,h
20924,h
580817,h
611214,h
21749,h
368828,h
428954,h
79339,h
455572,h
911099,h
775289,h
371552,h
589654,h
587159,h
218927,h
83255,h
477291,h
156992,h
91796,h
334339,h
50838,h
710762,h
676942,h
25919,h
944466,h
971545,h
446533,h
588403,h
376362,h
159498,h
107044,h
598889,h
654454,h
983393,h
302590,h
732260,h
455359,h
269927,h
818565,h
591302,h
810809,h
907847,h
472162,h
958537,h
105365,h
188100,h
874432,h
78196,h
815112,h
224882,h
303762,h
416610,h
277959,h
772013,h
851923,h
268829,h
169080,h
995442,h
96641,h
257398,h
773234,h
187643,h
821826,h
652937,h
371587,h
854130,h
685658,h
60937,h
40881,h
978287,h
638791,h
600775,h
2077,h
167321,h
768168,h
957747,h
784621,h
933023,h
689723,h
998036,h
314423,h
934754,h
357668,h
184252,h
38288,h
533426,h
703232,h
891859,h
353202,h
114183,h
999149,h
808170,h
89814,h
233688,h
844297,h
818914,h
456925,h
932374,h
326579,h
96174,h
8944,h
304326,h
87156,h
836619,h
870907,h
581615,h
348859,h
794613,h
105697,h
453822,h
393912,h
150203,h
705947,h
594046,h
969388,h
244820,h
252282,h
475901,h
106165,h
92098,h
314859,h
263162,h
327694,h
507840,h
850652,h
311216,h
207520,h
275308,h
474319,h
231177,h
70246,h
774029,h
83621,h
259058,h
321593,h
95514,h
284593,h
143528,h
59261,h
336677,h
963555,h
41581,h
653786,h
766852,h
129249,h
234708,h
777006,h
756137,h
188175,h
153872,h
28584,h
797337,h
352335,h
449086,h
808898,h
867526,h
885268,h
711639,h
220840,h
632267,h
562106,h
803790,h
599263,h
744056,h
1670,h
278726,h
314742,h
946165,h
924708,h
560451,h
448064,h
287475,h
142296,h
282210,h
88547,h
1171,h
436327,h
606796,h
277845,h
320832,h
212643,h
523522,h
212412,h
686472,h
716949,h
279742,h
539141,h
839335,h
123976,h
972262,h
330910,h
26967,h
530148,h
965118,h
983861,h
938416,h
786223,h
346221,h
395584,h
381966,h
839056,h
627806,h
186171,h
177305,h
513007,h
73071,h
187742,h
505315,h
611620,h
712797,h
290866,h
463118,h
603655,h
41346,h
852991,h
248522,h
699195,h
436829,h
638479,h
774081,h
11370,h
792010,h
173093,h
826510,h
760397,h
543728,h
374441,h
851664,h
219533,h
902566,h
453211,h
352070,h
363276,h
360118,h
947821,h
293459,h
316660,h
404134,h
123666,h
971549,h
532193,h
58018,h
371632,h
660301,h
545901,h
251494,h
875747,h
153893,h
175278,h
969344,h
497131,h
346805,h
817923,h
572404,h
992394,h
746815,h
185880,h
132185,h
767156,h
756726,h
481008,h
740593,h
488751,h
521660,h
77933,h
507628,h
586227,h
227639,h
347199,h
748276,h
713931,h
74228,h
314178,h
254106,h
481581,h
856246,h
180302,h
240708,h
611594,h
521126,h
895250,h
643423,h
988843,h
486834,h
499859,h
298293,h
722843,h
847495,h
175999,h
45309,h
841373,h
275164,h
493231,h
515631,h
388237,h
935607,h
874390,h
906816,h
553292,h
432739,h
843981,h
726437,h
427433,h
1217,h
85197,h
519039,h
555444,h
916986,h
171023,h
761908,h
613245,h
344840,h
271709,h
904603,h
976116,h
663837,h
659531,h
316127,h
752278,h
423600,h
561,h
883251,h
623877,h
174239,h
903718,h
358938,h
667881,h
383201,h
547861,h
889805,h
251139,h
324299,h
651097,h
192801,h
536588,h
546977,h
728613,h
938719,h
674615,h
109044,h
363816,h
730838,h
18325,h
650921,h
362521,h
926833,h
935701,h
207369,h
599054,h
920510,h
257334,h
394418,h
320830,h
544654,h
172516,h
142553,h
436932,h
320373,h
572276,h
800919,h
979732,h
720456,h
668266,h
869688,h
954818,h
816414,h
541054,h
976154,h
205746,h
954375,h
687634,h
671532,h
634468,h
756995,h
503254,h
816532,h
735472,h
821614,h
827915,h
319038,h
376348,h
434769,h
331812,h
947879,h
685093,h
511252,h
466175,h
898981,h
960259,h
655074,h
256475,h
737826,h
582169,h
389600,h
968339,h
721463,h
872105,h
539153,h
720274,h
463342,h
474838,h
421420,h
350737,h
246807,h
569688,h
744143,h
494561,h
256929,h
616378,h
931278,h
922970,h
151615,h
171553,h
107494,h
88777,h
877070,h
487951,h
274117,h
270904,h
294523,h
874504,h
644183,h
79094,h
570466,h
101061,h
136728,h
834643,h
452499,h
217338,h
300164,h
696049,h
702550,h
226866,h
663838,h
898745,h
755638,h
502857,h
417190,h
119168,h
72371,h
512332,h
732185,h
322110,h
947636,h
151483,h
505495,h
58691,h
54682,h
731369,h
440267,h
326619,h
925990,h
103491,h
888034,h
439195,h
939217,h
600309,h
882188,h
259291,h
181235,h
13536,h
777766,h
939757,h
997990,h
439540,h
560368,h
577181,h
836561,h
308712,h
432073,h
98395,h
139806,h
615119,h
537293,h
669030,h
906415,h
614375,h
207078,h
295871,h
967802,h
499984,h
788124,h
644970,h
405185,h
813336,h
534397,h
871591,h
594193,h
391349,h
130691,h
142167,h
139376,h
580391,h
592727,h
266501,h
219248,h
747594,h
614447,h
95448,h
473204,h
627389,h
272333,h
458219,h
443711,h
972285,h
803953,h
890649,h
675123,h
65154,h
470448,h
281905,h
226679,h
813381,h
121369,h
981259,h
610116,h
315697,h
37600,h
871462,h
383390,h
927937,h
250355,h
421234,h
815901,h
81041,h
157582,h
228700,h
515611,h
556260,h
907933,h
829416,h
244185,h
136098,h
174467,h
187151,h
501135,h
931803,h
835315,h
85833,h
603684,h
417253,h
252812,h
736666,h
877579,h
704672,h
9289,h
230755,h
913255,h
232113,h
386831,h
251532,h
518108,h
922702,h
450925,h
508563,h
114663,h
153004,h
478495,h
911474,h
746817,h
885862,h
818420,h
241210,h
933968,h
244588,h
664781,h
727468,h
11640,h
618556,h
285937,h
942323,h
654630,h
527149,h
617369,h
951090,h
714494,h
761554,h
35039,h
308969,h
924102,h
517048,h
252067,h
676546,h
396413,h
994605,h
352245,h
352783,h
613127,h
591103,h
705325,h
347474,h
76263,h
560894,h
655958,h
625105,h
860943,h
892819,h
510445,h
278779,h
902050,h
283400,h
979320,h
153820,h
388020,h
899206,h
702263,h
916201,h
815011,h
69932,h
59878,h
765646,h
18140,h
558630,h
499540,h
165661,h
863042,h
822440,h
694893,h
436135,h
735928,h
208122,h
438032,h
477508,h
329999,h
522380,h
522158,h
615277,h
195144,h
730337,h
936653,h
149179,h
359548,h
270914,h
73362,h
976847,h
120108,h
8611,h
998718,h
199724,h
367950,h
866474,h
375961,h
374758,h
242583,h
62679,h
625134,h
884661,h
743394,h
433933,h
854324,h
395798,h
939579,h
878162,h
723144,h
466438,h
446021,h
395420,h
948110,h
160110,h
569269,h
162868,h
895581,h
144447,h
420366,h
230577,h
315045,h
105276,h
229461,h
639057,h
512753,h
480630,h
244575,h
87764,h
510138,h
758510,h
703587,h
642438,h
82133,h
323518,h
80986,h
76644,h
458229,h
900415,h
787854,h
380993,h
294506,h
935289,h
398939,h
19326,h
341172,h
428664,h
264680,h
785211,h
395380,h
727393,h
113442,h
591597,h
892256,h
193099,h
495727,h
565536,h
736239,h
196638,h
228861,h
660698,h
130769,h
659413,h
904297,h
279903,h
952232,h
496909,h
576100,h
256111,h
697065,h
744985,h
262346,h
404222,h
782123,h
331362,h
592000,h
599407,h
360830,h
227870,h
266733,h
452504,h
652558,h
309187,h
524933,h
918978,h
340983,h
92860,h
843832,h
409473,h
423113,h
539575,h
439546,h
564982,h
521449,h
524122,h
925150,h
452867,h
153130,h
915339,h
980398,h
856682,h
675486,h
398600,h
40133,h
268575,h
385982,h
942199,h
255910,h
170271,h
531036,h
174531,h
261220,h
217531,h
978902,h
906615,h
400280,h
614992,h
12438,h
47288,h
63060,h
909112,h
446628,h
298434,h
690242,h
825320,h
82918,h
897436,h
371375,h
229951,h
608351,h
836038,h
586694,h
4725,h
11815,h
467529,h
474684,h
50016,h
521190,h
829760,h
249899,h
203503,h
909936,h
130765,h
271030,h
791785,h
896289,h
937815,h
71119,h
898139,h
981027,h
170446,h
112874,h
570153,h
533886,h
254815,h
545606,h
395767,h
647390,h
464794,h
334728,h
485261,h
306132,h
102230,h
118621,h
773932,h
563212,h
744607,h
707321,h
831733,h
834773,h
457633,h
353535,h
398435,h
216865,h
487554,h
36795,h
153847,h
447446,h
137183,h
162942,h
57458,h
32180,h
700689,h
669810,h
339195,h
772802,h
470090,h
622699,h
420907,h
985643,h
849533,h
706647,h
849018,h
894073,h
662037,h
94673,h
785271,h
334801,h
986773,h
808353,h
46898,h
513775,h
136437,h
528568,h
869153,h
663974,h
39042,h
182588,h
475250,h
608047,h
564418,h
991501,h
22316,h
749720,h
153282,h
787739,h
188154,h
804243,h
687428,h
143807,h
167068,h
954264,h
646545,h
422732,h
463284,h
748219,h
958427,h
652553,h
145006,h
762125,h
780342,h
467922,h
857530,h
709687,h
811416,h
552375,h
928002,h
794321,h
50583,h
255420,h
180789,h
241846,h
910060,h
820077,h
370279,h
633060,h
593200,h
678488,h
406308,h
50528,h
980541,h
48115,h
870135,h
308861,h
122946,h
264062,h
376014,h
695626,h
189645,h
960642,h
14720,h
255435,h
811177,h
370906,h
891686,h
321081,h
351736,h
272962,h
755265,h
967662,h
476928,h
764144,h
355029,h
574102,h
559675,h
807891,h
667210,h
589886,h
113833,h
125969,h
857480,h
721581,h
604560,h
88338,h
573279,h
343760,h
392601,h
82150,h
238473,h
391878,h
899883,h
45532,h
328072,h
710555,h
652889,h
388674,h
559238,h
967022,h
916973,h
493185,h
933488,h
780193,h
599908,h
119853,h
368942,h
691420,h
595857,h
469999,h
863823,h
917938,h
757187,h
876979,h
859320,h
850090,h
679544,h
418950,h
98213,h
478948,h
579944,h
743003,h
623203,h
987267,h
883277,h
997120,h
827807,h
939262,h
334262,h
19473,h
932171,h
699542,h
671068,h
80383,h
919156,h
270465,h
999250,h
351755,h
435007,h
497292,h
451697,h
563619,h
343909,h
189905,h
309640,h
264262,h
909761,h
354107,h
907987,h
93520,h
661816,h
378168,h
137005,h
680862,h
923703,h
303301,h
955215,h
212085,h
998362,h
31437,h
680010,h
470573,h
58402,h
929847,h
810447,h
127699,h
446531,h
289739,h
721483,h
708265,h
19008,h
445405,h
919673,h
560694,h
93064,h
200819,h
174978,h
147971,h
120649,h
375346,h
142931,h
668654,h
126706,h
952994,h
735755,h
472718,h
283845,h
7942,h
624936,h
980372,h
808572,h
373046,h
522467,h
836322,h
820539,h
442497,h
810123,h
540046,h
939976,h
125406,h
294240,h
341981,h
211277,h
168825,h
174461,h
613100,h
345063,h
968381,h
989248,h
532432,h
43366,h
350461,h
797369,h
216485,h
538717,h
113714,h
32190,h
526485,h
712604,h
668107,h
422409,h
506431,h
386053,h
320217,h
118413,h
649181,h
208076,h
754871,h
208521,h
316529,h
688145,h
445897,h
683608,h
809223,h
919815,h
71017,h
990826,h
505881,h
734903,h
881137,h
256364,h
10439,h
378982,h
817351,h
23710,h
831988,h
911864,h
466418,h
391003,h
135807,h
320001,h
309364,h
881202,h
115053,h
622056,h
800678,h
997341,h
669156,h
602028,h
614493,h
111932,h
388274,h
620799,h
612201,h
899714,h
646554,h
16753,h
211866,h
83839,h
229874,h
357123,h
206205,h
139315,h
529925,h
603037,h
537972,h
618422,h
435105,h
909843,h
335306,h
771735,h
704088,h
739811,h
979588,h
655497,h
171297,h
782185,h
207593,h
453072,h
298113,h
258168,h
536935,h
113100,h
352274,h
768289,h
729148,h
616407,h
432752,h
555054,h
986770,h
5475,h
497518,h
818279,h
853552,h
141935,h
313120,h
609762,h
253967,h
42118,h
650124,h
482751,h
131973,h
270327,h
492074,h
966700,h
476058,h
70748,h
696323,h
877102,h
986048,h
868396,h
265190,h
282652,h
61231,h
24246,h
516187,h
973341,h
741164,h
811522,h
794966,h
599229,h
228880,h
333295,h
722981,h
576168,h
263381,h
714965,h
457404,h
977921,h
957653,h
449704,h
725255,h
903009,h
140974,h
156298,h
314817,h
662187,h
271393,h
399016,h
376171,h
310333,h
916114,h
734623,h
574444,h
76145,h
461166,h
619081,h
544522,h
972346,h
729019,h
692936,h
989211,h
704783,h
573134,h
203326,h
318321,h
476721,h
800969,h
458429,h
244571,h
598920,h
922674,h
932536,h
94392,h
336883,h
838282,h
93561,h
776489,h
941635,h
135523,h
414955,h
195167,h
303169,h
549690,h
292033,h
428489,h
919346,h
745825,h
83598,h
684190,h
113875,h
956624,h
806005,h
210894,h
901964,h
526601,h
917365,h
47778,h
786841,h
529804,h
116378,h
187703,h
164125,h
44959,h
829910,h
839217,h
467089,h
104562,h
717812,h
614585,h
637398,h
208018,h
407980,h
588501,h
585880,h
909093,h
541748,h
305956,h
960358,h
521996,h
399023,h
300845,h
553991,h
517764,h
959554,h
238207,h
199966,h
821155,h
59483,h
369223,h
91838,h
917710,h
644799,h
630306,h
631300,h
798909,h
535868,h
550162,h
94739,h
871019,h
869680,h
910320,h
565874,h
268562,h
425307,h
866222,h
83993,h
753930,h
989788,h
36184,h
612726,h
865652,h
826698,h
50777,h
45529,h
501838,h
141976,h
920012,h
977166,h
487081,h
714788,h
202130,h
321650,h
923827,h
259681,h
911379,h
696350,h
894584,h
146403,h
332655,h
140413,h
487306,h
629511,h
71827,h
283601,h
971745,h
861405,h
461686,h
795082,h
46000,h
562155,h
593094,h
704282,h
930968,h
461475,h
486058,h
123547,h
64617,h
44846,h
604296,h
624854,h
810290,h
581698,h
270599,h
324158,h
365488,h
907021,h
14213,h
813286,h
507053,h
37095,h
492265,h
676685,h
849281,h
748412,h
158143,h
190185,h
594648,h
702753,h
811105,h
330901,h
848216,h
218176,h
369604,h
260470,h
664539,h
732822,h
971108,h
457346,h
495381,h
176219,h
725427,h
748066,h
737046,h
65511,h
832753,h
861507,h
750697,h
929845,h
261479,h
250988,h
956697,h
882414,h
371563,h
694191,h
831718,h
895273,h
312332,h
360499,h
810313,h
273209,h
396455,h
490244,h
198020,h
731759,h
645642,h
906514,h
657348,h
937073,h
341922,h
21211,h
952222,h
133095,h
313079,h
313420,h
413405,h
232832,h
968153,h
153378,h
400778,h
308479,h
505939,h
807393,h
560162,h
752460,h
384541,h
205180,h
880718,h
778588,h
125933,h
959229,h
318736,h
265938,h
227460,h
912772,h
780633,h
843041,h
666781,h
739599,h
946345,h
504685,h
503796,h
165825,h
874689,h
754657,h
839972,h
53334,h
549057,h
790295,h
723502,h
823454,h
942609,h
778948,h
341530,h
806715,h
257460,h
742073,h
358862,h
818691,h
190106,h
157644,h
864162,h
585638,h
395591,h
128338,h
236641,h
614051,h
774512,h
131756,h
268974,h
440556,h
58244,h
937500,h
669163,h
235403,h
813302,h
594972,h
492009,h
42196,h
231881,h
906058,h
952630,h
511092,h
426478,h
607522,h
346784,h
127958,h
382620,h
704881,h
324141,h
846745,h
832005,h
482799,h
377596,h
88811,h
141815,h
603415,h
385694,h
736585,h
398212,h
61573,h
85344,h
554351,h
281271,h
448863,h
83147,h
117436,h
269603,h
585233,h
763438,h
868106,h
755608,h
353362,h
973335,h
774936,h
226660,h
583274,h
761179,h
910846,h
619700,h
441741,h
93610,h
58242,h
766929,h
739308,h
597728,h
169809,h
314202,h
483086,h
353499,h
912096,h
898112,h
826123,h
225309,h
265526,h
806832,h
651710,h
735411,h
657609,h
828606,h
974884,h
704399,h
925452,h
75434,h
604258,h
957140,h
565642,h
923320,h
878539,d
117695,d
51328,d
131745,d
528614,d
942639,d
869766,d
360559,d
202227,d
999282,d
65690,d
106501,d
231523,d
185276,d
284238,d
862019,d
71704,d
75687,d
499507,d
160661,d
516871,d
166402,d
140888,d
282012,d
746619,d
550149,d
841036,d
879589,d
658518,d
585204,d
350586,d
35571,d
844213,d
463038,d
732071,d
778647,d
232142,d
499820,d
249650,d
268922,d
490574,d
257196,d
249535,d
331743,d
52837,d
173207,d
392487,d
599530,d
170851,d
108794,d
807151,d
488383,d
70632,d
806121,d
539513,d
851369,d
138877,d
918493,d
936596,d
92921,d
551851,d
96861,d
339948,d
399856,d
892008,d
846805,d
336349,d
543436,d
423816,d
572440,d
716909,d
268448,d
594005,d
924400,d
370460,d
577755,d
331457,d
130312,d
160618,d
519831,d
835781,d
760981,d
569852,d
685434,d
73658,d
543500,d
391945,d
845310,d
291534,d
938957,d
153204,d
698470,d
362656,d
271433,d
728900,d
662595,d
568778,d
521131,d
28015,d
173649,d
309458,d
698944,d
575083,d
123951,d
209183,d
500750,d
217441,d
198792,d
577434,d
725435,d
548156,d
395730,d
197233,d
565879,d
476274,d
34178,d
199882,d
601687,d
322548,d
885632,d
508961,d
935801,d
881395,d
70690,d
11706,d
671079,d
864031,d
291187,d
18160,d
57424,d
779247,d
535227,d
42136,d
857407,d
320023,d
990806,d
524880,d
265433,d
962489,d
205089,d
759893,d
63617,d
501981,d
35334,d
38361,d
917925,d
237958,d
977616,d
954601,d
885474,d
818750,d
230015,d
175950,d
68562,d
615499,d
594972,d
38940,d
798011,d
631219,d
944456,d
994163,d
169279,d
39505,d
341451,d
227962,d
760579,d
411419,d
576802,d
639267,d
760373,d
87802,d
742486,d
219371,d
247018,d
438814,d
393926,d
773215,d
553199,d
453542,d
194391,d
181478,d
525040,d
49107,d
322013,d
667312,d
537210,d
96786,d
737878,d
229171,d
800186,d
14365,d
535884,d
116110,d
249820,d
521754,d
129677,d
723576,d
491218,d
394273,d
656143,d
220274,d
619616,d
317835,d
196965,d
494673,d
508792,d
249611,d
893075,d
197409,d
279821,d
497613,d
816082,d
992787,d
201621,d
903163,d
792668,d
918869,d
550599,d
653541,d
355353,d
217691,d
409413,d
784044,d
608392,d
476184,d
863958,d
735332,d
218090,d
421994,d
464119,d
264798,d
159228,d
66754,d
408821,d
220151,d
726507,d
961832,d
328314,d
390078,d
651908,d
218871,d
590558,d
919031,d
441060,d
912990,d
49862,d
407737,d
590583,d
796292,d
335099,d
182256,d
198329,d
6583,d
895800,d
577356,d
346466,d
946567,d
417018,d
118997,d
373111,d
236679,d
415906,d
661288,d
399414,d
639706,d
65350,d
691213,d
289616,d
980756,d
373492,d
227322,d
510353,d
949587,d
173410,d
321481,d
779711,d
794199,d
722193,d
944259,d
637699,d
33422,d
658541,d
177449,d
4472,d
762487,d
93185,d
504283,d
61976,d
801739,d
561771,d
100295,d
238142,d
233868,d
260951,d
794621,d
119998,d
727434,d
177706,d
187697,d
97317,d
112841,d
124413,d
276532,d
217491,d
477558,d
771830,d
171333,d
503494,d
333705,d
485810,d
836871,d
823125,d
827960,d
445728,d
283787,d
12386,d
454654,d
579934,d
170976,d
956382,d
354283,d
454425,d
95106,d
703531,d
154946,d
213127,d
645163,d
712200,d
333412,d
172256,d
142209,d
711534,d
846317,d
28572,d
226596,d
764592,d
969067,d
546148,d
489432,d
498004,d
875393,d
318096,d
23435,d
402249,d
146221,d
890901,d
217566,d
6781,d
353398,d
168253,d
104550,d
626737,d
592345,d
561108,d
505919,d
728725,d
79857,d
894932,d
136282,d
387987,d
635643,d
473647,d
167369,d
358876,d
710737,d
114652,d
871462,d
606609,d
334974,d
731812,d
505199,d
26811,d
701191,d
903941,d
477252,d
76090,d
414890,d
44344,d
115423,d
221881,d
61175,d
958234,d
754902,d
733,d
711826,d
393625,d
559043,d
195360,d
14385,d
543865,d
212758,d
512809,d
116744,d
159229,d
823597,d
98106,d
320712,d
849043,d
508056,d
490938,d
769464,d
925732,d
488401,d
774595,d
160065,d
490285,d
894061,d
316507,d
530043,d
557609,d
57358,d
172771,d
173022,d
818487,d
435286,d
509351,d
454653,d
912405,d
274284,d
460131,d
533807,d
146298,d
221838,d
339121,d
547156,d
236566,d
308157,d
91876,d
644983,d
941763,d
827454,d
506118,d
336226,d
348101,d
596244,d
882230,d
932669,d
981608,d
300673,d
87772,d
908087,d
870773,d
2235,d
227315,d
565188,d
342675,d
766020,d
598237,d
606101,d
71692,d
983538,d
924897,d
8780,d
563932,d
622220,d
642875,d
279601,d
428250,d
901547,d
944216,d
568286,d
618356,d
361208,d
287399,d
863775,d
26105,d
498061,d
942405,d
577932,d
2365,d
873003,d
132056,d
900810,d
721807,d
51388,d
845425,d
367350,d
834659,d
65531,d
147549,d
167262,d
67929,d
312235,d
243563,d
808896,d
758171,d
659091,d
34538,d
846602,d
98743,d
129336,d
289051,d
687979,d
915862,d
294021,d
812973,d
169577,d
487762,d
67824,d
206915,d
414997,d
952478,d
885635,d
24043,d
505014,d
279997,d
453437,d
920311,d
769952,d
52954,d
155226,d
63069,d
936112,d
33460,d
228290,d
30088,d
942027,d
298648,d
815308,d
86117,d
884938,d
989464,d
827217,d
811076,d
566718,d
362762,d
859335,d
162180,d
561641,d
87051,d
354824,d
857677,d
74876,d
670294,d
755476,d
900187,d
77659,d
880629,d
746623,d
362994,d
945899,d
221152,d
265126,d
77539,d
665831,d
26599,d
317257,d
500974,d
462696,d
450194,d
794882,d
784403,d
115675,d
78978,d
185727,d
46372,d
112251,d
511574,d
737058,d
636477,d
806735,d
922725,d
644985,d
584354,d
711834,d
10059,d
415652,d
954144,d
999336,d
895584,d
837427,d
58730,d
585739,d
752540,d
411744,d
585923,d
915502,d
297002,d
770425,d
416358,d
568723,d
522703,d
142932,d
138418,d
1038,d
641477,d
202467,d
539776,d
217473,d
32177,d
788549,d
735776,d
193553,d
99520,d
337945,d
608510,d
670460,d
832971,d
881666,d
183636,d
142233,d
9588,d
894170,d
912501,d
812382,d
205927,d
559088,d
103207,d
683165,d
376378,d
103313,d
36553,d
132962,d
683507,d
537956,d
248475,d
555414,d
517250,d
216815,d
678278,d
661283,d
150450,d
133879,d
620158,d
800227,d
309051,d
129800,d
792525,d
627193,d
939820,d
295435,d
563421,d
145209,d
962605,d
417087,d
968305,d
933498,d
145657,d
946385,d
359273,d
189045,d
290019,d
802018,d
609379,d
661896,d
485529,d
59350,d
946997,d
547347,d
136139,d
46493,d
619990,d
415673,d
37023,d
189318,d
555216,d
924088,d
266605,d
505592,d
50762,d
372628,d
381184,d
786606,d
719938,d
229368,d
81260,d
597850,d
258784,d
469450,d
718696,d
384641,d
763273,d
878930,d
838643,d
30739,d
871816,d
971082,d
241198,d
981605,d
392092,d
182176,d
912983,d
313188,d
591772,d
40533,d
317966,d
23830,d
476383,d
39797,d
846712,d
953360,d
829966,d
78812,d
106405,d
62972,d
672572,d
376067,d
552516,d
561008,d
165193,d
977233,d
815044,d
301159,d
815158,d
395884,d
828958,d
29614,d
604606,d
258734,d
288071,d
142757,d
775905,d
943861,d
289223,d
946365,d
303984,d
845489,d
346278,d
798097,d
210160,d
112049,d
678783,d
734663,d
282195,d
412,d
703964,d
258405,d
838992,d
168656,d
430929,d
46172,d
379164,d
499617,d
321272,d
984755,d
200792,d
874615,d
455878,d
391033,d
414444,d
323759,d
89585,d
584164,d
875841,d
471228,d
521133,d
975186,d
461891,d
593639,d
647207,d
132980,d
486964,d
46479,d
398943,d
295415,d
82552,d
96857,d
862723,d
724653,d
997085,d
420582,d
871132,d
952235,d
259263,d
718178,d
918437,d
248454,d
848334,d
665987,d
761996,d
649676,d
807588,d
281695,d
652667,d
217878,d
597781,d
161949,d
593814,d
129390,d
71499,d
447268,d
850318,d
933811,d
473035,d
296625,d
260361,d
158722,d
633319,d
232725,d
827877,d
981604,d
349069,d
948849,d
912334,d
593444,d
135069,d
619342,d
867672,d
451114,d
981519,d
36170,d
604160,d
153805,d
898777,d
438871,d
891872,d
570390,d
577735,d
982812,d
368045,d
170967,d
515329,d
561571,d
149218,d
38493,d
891505,d
236379,d
454204,d
628662,d
521699,d
350813,d
196522,d
555117,d
304843,d
140287,d
289716,d
143405,d
771535,d
101045,d
621115,d
314418,d
708707,d
563369,d
655469,d
203019,d
835324,d
844191,d
211640,d
152788,d
699662,d
830146,d
668253,d
116960,d
715099,d
620333,d
659629,d
413931,d
837210,d
432506,d
731205,d
968559,d
277601,d
964966,d
15750,d
610143,d
394193,d
959010,d
313360,d
866718,d
701218,d
866587,d
18965,d
674325,d
292433,d
208052,d
560877,d
923693,d
847124,d
691940,d
399635,d
552152,d
986551,d
355128,d
56848,d
195336,d
606313,d
610624,d
922580,d
356793,d
871407,d
123730,d
258133,d
19171,d
599764,d
665891,d
171535,d
904823,d
239833,d
993401,d
41618,d
903446,d
970585,d
34033,d
138744,d
259420,d
941246,d
521934,d
507524,d
37876,d
314622,d
188474,d
84686,d
223169,d
993642,d
189357,d
61240,d
38839,d
551511,d
720873,d
861831,d
207940,d
483772,d
861466,d
791103,d
4802,d
183122,d
766316,d
745945,d
637989,d
89978,d
370974,d
602257,d
41289,d
841074,d
361911,d
853763,d
899897,d
870301,d
196590,d
457364,d
21448,d
708007,d
582509,d
434421,d
324007,d
770630,d
987909,d
45727,d
233437,d
197896,d
804082,d
460787,d
505252,d
502612,d
361418,d
196294,d
31780,d
498508,d
958832,d
797042,d
412952,d
224580,d
827608,d
157135,d
36560,d
182924,d
668341,d
557547,d
904549,d
5978,d
800581,d
877665,d
345026,d
736536,d
775221,d
2487,d
119413,d
337641,d
553458,d
200167,d
529011,d
406118,d
115041,d
447201,d
99875,d
504936,d
795582,d
912660,d
692464,d
702557,d
553264,d
933555,d
153523,d
266043,d
463709,d
265408,d
381931,d
317752,d
109438,d
878487,d
5208,d
845249,d
532760,d
363293,d
685032,d
899434,d
238761,d
762869,d
85236,d
240488,d
794891,d
885870,d
880415,d
584479,d
754364,d
399021,d
866145,d
30963,d
894051,d
853587,d
547057,d
735668,d
440366,d
734973,d
975237,d
752944,d
864938,d
19669,d
519548,d
849175,d
74654,d
819881,d
799370,d
236639,d
479220,d
355763,d
897485,d
575459,d
400540,d
582884,d
896751,d
696596,d
71607,d
31246,d
901887,d
991768,d
709986,d
813576,d
759197,d
970996,d
549468,d
114972,d
112127,d
739886,d
219977,d
849986,d
614849,d
924478,d
280399,d
632142,d
657494,d
349002,d
545142,d
283127,d
679938,d
125865,d
629767,d
872946,d
130457,d
399477,d
869713,d
221605,d
453,d
454363,d
523699,d
135908,d
10942,d
877480,d
702200,d
193844,d
823747,d
507308,d
209055,d
354537,d
915423,d
561661,d
812417,d
497511,d
118825,d
818844,d
312376,d
895460,d
694226,d
204699,d
952803,d
723921,d
715909,d
320596,d
393413,d
219238,d
547104,d
293478,d
506909,d
720573,d
101656,d
958057,d
477317,d
448402,d
816405,d
983452,d
552534,d
427107,d
46910,d
811504,d
257663,d
455858,d
972177,d
362251,d
206680,d
674358,d
254208,d
3836,d
859366,d
833244,d
521017,d
397388,d
100861,d
626875,d
496265,d
959703,d
625421,d
747056,d
202654,d
915570,d
850917,d
211849,d
614539,d
170180,d
618747,d
455926,d
338952,d
118072,d
185015,d
654073,d
386564,d
189109,d
442256,d
716495,d
213844,d
870396,d
516655,d
732690,d
728021,d
695532,d
917245,d
511257,d
444670,d
145890,d
50108,d
237817,d
229452,d
608403,d
302608,d
599074,d
272131,d
506310,d
630614,d
561716,d
414296,d
123897,d
912411,d
258307,d
935588,d
223614,d
393170,d
139238,d
156123,d
92143,d
707379,d
614869,d
175503,d
17688,d
231346,d
997114,d
843531,d
716064,d
419625,d
579315,d
339270,d
828445,d
589409,d
492825,d
775926,d
117971,d
448096,d
212302,d
817497,d
61803,d
354905,d
509767,d
577915,d
199228,d
331324,d
657343,d
378600,d
54624,d
79627,d
675157,d
171374,d
107738,d
925438,d
438742,d
651964,d
846390,d
210149,d
49227,d
424697,d
364742,d
394177,d
783087,d
904486,d
710000,d
838542,d
96218,d
449388,d
55289,d
370852,d
674685,d
514572,d
13648,d
60815,d
787286,d
998614,d
650956,d
981847,d
219451,d
58177,d
434867,d
185705,d
796482,d
212093,d
247007,d
312549,d
424042,d
456921,d
895470,d
385785,d
534404,d
100578,d
67938,d
585216,d
154141,d
513753,d
185710,d
704193,d
820936,d
782651,d
50107,d
303417,d
123055,d
895968,d
708784,d
348083,d
933280,d
570359,d
566538,d
197038,d
297085,d
427238,d
80581,d
292695,d
688905,d
849626,d
858064,d
62338,d
728612,d
151690,d
179404,d
300941,d
106357,d
203615,d
705747,d
503609,d
701067,d
142956,d
89519,d
288855,d
161023,d
842264,d
821070,d
418861,d
99186,d
626639,d
449035,d
423766,d
807019,d
762650,d
804414,d
652035,d
6105,d
791488,d
669550,d
58291,d
772472,d
73686,d
452063,d
391548,d
54381,d
371748,d
282942,d
499445,d
170706,d
312213,d
833799,d
105192,d
633751,d
405107,d
573457,d
512625,d
112563,d
337352,d
857762,d
849473,d
1142,d
836149,d
282413,d
895088,d
213469,d
580096,d
239069,d
869142,d
217554,d
860746,d
903620,d
151273,d
88176,d
722538,d
940506,d
202666,d
902949,d
844372,d
736826,d
476091,d
663362,d
668884,d
442315,d
294422,d
841913,d
30823,d
150788,d
946292,d
943167,d
709980,d
30110,d
856147,d
88175,d
794023,d
846473,d
439845,d
197296,d
32641,d
898840,d
596508,d
910575,d
901678,d
860964,d
929340,d
726702,d
47599,d
108589,d
490249,d
115069,d
148377,d
169788,d
926789,d
896857,d
388579,d
447088,d
548504,d
11489,d
188690,d
789412,d
903466,d
489455,d
466637,d
668748,d
441222,d
109090,d
142850,d
715386,d
134465,d
108674,d
370399,d
269480,d
26782,d
634886,d
739047,d
659052,d
957790,d
692647,d
567897,d
137087,d
617714,d
710251,d
873251,d
103604,d
157076,d
620894,d
696448,d
859408,d
309696,d
167115,d
894155,d
782557,d
266800,d
644803,d
376936,d
134536,d
214493,d
52202,d
997050,d
991839,d
586803,d
235287,d
9340,d
304419,d
408082,d
298970,d
978867,d
892648,d
430884,d
153078,d
192049,d
653790,d
716893,d
747513,d
705383,d
584138,d
757377,d
493796,d
283774,d
747305,d
882356,d
673720,d
728975,d
549722,d
694383,d
64554,d
670845,d
230919,d
871073,d
536606,d
552312,d
277929,d
136751,d
925774,d
876666,d
55203,d
735361,d
388940,d
255578,d
377410,d
496947,d
381514,d
687875,d
942783,d
118388,d
125029,d
211602,d
658638,d
732587,d
196570,d
453589,d
949338,d
190218,d
801094,d
942636,d
452361,d
553888,d
617302,d
837462,d
897825,d
805339,d
552624,d
419368,d
777638,d
701596,d
87235,d
32476,d
215847,d
774943,d
954464,d
896297,d
183264,d
228943,d
518591,d
739453,d
949068,d
77803,d
93595,d
921709,d
328299,d
426982,d
344824,d
347838,d
962239,d
907724,d
861225,d
280314,d
297305,d
339832,d
243227,d
987761,d
256538,d
971087,d
101855,d
17819,d
599634,d
502630,d
200547,d
182302,d
223821,d
121680,d
553428,d
363698,d
495841,d
585588,d
726605,d
306418,d
624065,d
349702,d
176229,d
649405,d
320412,d
438833,d
926478,d
835387,d
653978,d
22827,d
998433,d
897576,d
161843,d
224265,d
33681,d
468191,d
288487,d
107182,d
769622,d
165311,d
697329,d
871363,d
59987,d
881698,d
282216,d
755218,d
775940,d
264504,d
551732,d
905143,d
954671,d
793340,d
553060,d
9542,d
171436,d
856409,d
399485,d
231233,d
691212,d
639837,d
78270,d
676160,d
163626,d
897457,d
495952,d
98244,d
508928,d
290810,d
976017,d
123588,d
857731,d
648032,d
643774,d
370384,d
518986,d
209864,d
574608,d
260033,d
681229,d
544067,d
334995,d
958215,d
439089,d
632571,d
802263,d
848592,d
204031,d
266176,d
22030,d
380164,d
585455,d
40543,d
803833,d
757440,d
27060,d
185574,d
279248,d
851498,d
352932,d
544733,d
219813,d
725086,d
858305,d
782319,d
918354,d
399274,d
22114,d
490899,d
182907,d
128033,d
562721,d
536619,d
944010,d
576129,d
522320,d
674400,d
443809,d
832893,d
856498,d
135817,d
371842,d
660638,d
412140,d
676276,d
626437,d
457961,d
187433,d
515027,d
233370,d
659906,d
1044,d
604746,d
850214,d
824848,d
621094,d
767286,d
902312,d
543975,d
17472,d
405469,d
203232,d
744203,d
799227,d
789140,d
209223,d
775315,d
141019,d
82891,d
925613,d
317307,d
998521,d
585822,d
757695,d
24143,d
955843,d
736247,d
747386,d
782903,d
162913,d
59341,d
477816,d
216215,d
186415,d
932647,d
109680,d
145932,d
983832,d
494658,d
503492,d
502138,d
705734,d
559520,d
560106,d
318826,d
432381,d
780184,d
977490,d
684936,d
993023,d
366101,d
426268,d
229299,d
940970,d
841545,d
337186,d
985758,d
728593,d
361187,d
292766,d
258564,d
492493,d
707182,d
963276,d
889318,d
581392,d
634573,d
535225,d
404659,d
934766,d
108607,d
722777,d
110754,d
208877,d
324146,d
219111,d
241915,d
156776,d
524872,d
171132,d
7381,d
835548,d
486818,d
37772,d
304581,d
987072,d
742847,d
973174,d
489299,d
145877,d
943009,d
342522,d
7581,d
500710,d
170185,d
299101,d
326713,d
319740,d
782154,d
712431,d
664371,d
755673,d
259756,d
175770,d
528477,d
790098,d
469814,d
830477,d
278447,d
609232,d
354853,d
493073,d
353380,d
559783,d
121162,d
5396,d
509896,d
423994,d
443798,d
202557,d
984645,d
541072,d
619906,d
125130,d
13661,d
466979,d
511779,d
150431,d
224769,d
828471,d
711787,d
546685,d
1190,d
740799,d
677507,d
671890,d
649028,d
359088,d
291493,d
347306,d
644692,d
964647,d
209673,d
205903,d
208412,d
561323,d
509016,d
240186,d
460033,d
732670,d
419626,d
398843,d
233499,d
786419,d
775827,d
458295,d
361850,d
248474,d
280964,d
326071,d
9747,d
717891,d
150705,d
291463,d
319476,d
364119,d
249475,d
51808,d
670951,d
647692,d
478536,d
718005,d
177456,d
307500,d
975706,d
683139,d
535377,d
888190,d
436221,d
564286,d
36240,d
2627,d
887199,d
412072,d
647681,d
644898,d
203833,d
577281,d
539692,d
755916,d
585476,d
890663,d
222933,d
30325,d
701298,d
302391,d
319393,d
140728,d
51992,d
304688,d
59428,d
38652,d
839229,d
203549,d
798247,d
947978,d
124267,d
506525,d
981675,d
356422,d
996622,d
581911,d
308683,d
738752,d
139789,d
370253,d
504238,d
217662,d
495420,d
769819,d
865023,d
26040,d
741584,d
402504,d
448202,d
480817,d
39688,d
184711,d
195597,d
130629,d
482724,d
669243,d
629906,d
280304,d
217402,d
912995,d
95203,d
792368,d
474478,d
782861,d
545938,d
608408,d
570773,d
596269,d
411596,d
410270,d
906155,d
376659,d
620579,d
220102,d
823822,d
447508,d
456213,d
986439,d
717752,d
669717,d
326296,d
76373,d
573506,d
611414,d
38400,d
74193,d
605192,d
565281,d
199501,d
938571,d
826835,d
472707,d
464303,d
1756,d
64505,d
260261,d
31040,d
267573,d
982341,d
642538,d
447158,d
637058,d
986623,d
891321,d
864810,d
725786,d
724242,d
672765,d
969792,d
907880,d
663025,d
953266,d
800843,d
26167,d
804511,d
30704,d
15165,d
436321,d
815121,d
664152,d
499194,d
72242,d
702671,d
295073,d
366610,d
733361,d
389255,d
718456,d
236877,d
997656,d
103901,d
453053,d
668764,d
279437,d
132652,d
179301,d
633146,d
882358,d
133919,d
881825,d
936484,d
488421,d
605258,d
457470,d
27460,d
775318,d
604455,d
784292,d
749865,d
421217,d
346393,d
590821,d
586428,d
40551,d
901749,d
971274,d
838841,d
715429,d
527816,d
942769,d
272475,d
772736,d
44134,d
194331,d
657683,d
790024,d
627582,d
749479,d
473375,d
142797,d
105748,d
347889,d
203412,d
158955,d
814228,d
732224,d
429693,d
435662,d
243318,d
500127,d
794856,d
747108,d
699552,d
334838,d
621155,d
61041,d
569888,d
729797,d
126994,d
85430,d
750994,d
973637,d
655163,d
938102,d
198961,d
848646,d
509239,d
396788,d
656669,d
198876,d
886498,d
117519,d
416489,d
305403,d
558404,d
369232,d
161924,d
396371,d
463244,d
57408,d
363463,d
98118,d
218862,d
121924,d
368172,d
62785,d
781377,d
14448,d
949153,d
894613,d
45992,d
119217,d
887675,d
74254,d
218548,d
259286,d
374945,d
910530,d
633621,d
818614,d
63294,d
432856,d
805454,d
570693,d
503093,d
364559,d
183816,d
78599,d
688029,d
817335,d
703847,d
307398,d
681535,d
90171,d
632295,d
272430,d
428712,d
132261,d
173321,d
353356,d
157569,d
71015,d
154697,d
461392,d
461002,d
693796,d
927389,d
559282,d
466660,d
926739,d
592195,d
120174,d
890856,d
65820,d
211707,d
89713,d
140675,d
527991,d
291334,d
768611,d
220707,d
522132,d
333651,d
448942,d
509970,d
454458,d
205556,d
417279,d
621818,d
255011,d
417824,d
327212,d
733722,d
508128,d
788540,d
772576,d
971170,d
98565,d
906778,d
255907,d
410935,d
40619,d
89468,d
463948,d
491383,d
269253,d
565485,d
299056,d
698310,d
750912,d
556576,d
219740,d
194930,d
926184,d
237075,d
861153,d
57740,d
3599,d
203955,d
94053,d
564359,d
901019,d
963010,d
410455,d
550110,d
986626,d
65019,d
296666,d
27955,d
889873,d
946697,d
775559,d
278044,d
325762,d
919932,d
355287,d
206171,d
245300,d
446374,d
176564,d
618979,d
402784,d
816059,d
720033,d
235187,d
951912,d
106709,d
432306,d
859958,d
364743,d
11569,d
829573,d
690239,d
254214,d
803864,d
776517,d
906191,d
139693,d
700506,d
210577,d
79442,d
834787,d
182158,d
619364,d
363500,d
453530,d
15038,d
558907,d
745955,d
982939,d
921944,d
937954,d
737752,d
964495,d
684909,d
172382,d
572878,d
539265,d
578255,d
844456,d
531832,d
902174,d
213519,d
108462,d
816139,d
44742,d
335240,d
66842,d
542564,d
562165,d
203985,d
105517,d
722415,d
25405,d
615800,d
806955,d
443461,d
304846,d
135342,d
273998,d
28699,d
408036,d
786122,d
404868,d
110437,d
116068,d
222485,d
82275,d
440752,d
331472,d
541466,d
615404,d
393427,d
85366,d
397877,d
448584,d
83772,d
105703,d
624460,d
105158,d
544105,d
691663,d
755926,d
57788,d
529487,d
929441,d
224915,d
725499,d
885232,d
451918,d
255651,d
777368,d
572282,d
330653,d
477092,d
514306,d
412231,d
952407,d
181230,d
26493,d
22203,d
811485,d
120110,d
290712,d
88138,d
258667,d
824832,d
677615,d
454201,d
438238,d
484705,d
635055,d
300584,d
94345,d
365742,d
462927,d
586573,d
898092,d
66406,d
361532,d
852918,d
816107,d
488568,d
254516,d
858619,d
816976,d
357474,d
946265,d
575215,d
216905,d
200347,d
95277,d
515381,d
195236,d
718402,d
245189,d
655818,d
221525,d
621803,d
124558,d
990692,d
958662,d
530522,d
262769,d
357660,d
780646,d
17199,d
401597,d
773019,d
233179,d
225778,d
951375,d
475796,d
100177,d
100062,d
162436,d
314768,d
322266,d
486180,d
63932,d
462280,d
680010,d
664959,d
818360,d
985886,d
570935,d
299041,d
281650,d
633181,d
745407,d
522208,d
557983,d
886552,d
175236,d
967806,d
34021,d
953253,d
950309,d
673665,d
541760,d
860404,d
15780,d
824391,d
661379,d
43118,d
982839,d
670602,d
394163,d
263412,d
957532,d
127503,d
62730,d
995118,d
797973,d
46005,d
392559,d
197458,d
628736,d
296845,d
726988,d
402316,d
774866,d
682896,d
237505,d
203452,d
499794,d
526013,d
230972,d
516805,d
417768,d
480251,d
860109,d
760976,d
27120,d
754110,d
136472,d
256752,d
285057,d
82288,d
375742,d
536178,d
587083,d
500402,d
964361,d
840007,d
628431,d
820227,d
476080,d
758309,d
297244,d
463404,d
414353,d
560593,d
533380,d
684989,d
46041,d
896443,d
242259,d
115695,d
673446,d
380107,d
409901,d
147574,d
746140,d
321585,d
174199,d
669248,d
19681,d
220180,d
328556,d
345473,d
83017,d
506975,d
313889,d
289484,d
150074,d
812978,d
520491,d
838777,d
873996,d
528178,d
568340,d
252096,d
271287,d
83933,d
234289,d
310403,d
839701,d
99697,d
891447,d
608202,d
867563,d
748552,d
638183,d
664447,d
600727,d
195651,d
450813,d
742594,d
666775,d
506962,d
390431,d
479212,d
17098,d
585852,d
898295,d
297505,d
48048,d
392792,d
92441,d
823050,d
609665,d
619733,d
787064,d
1494,d
6433,d
80855,d
118914,d
756226,d
265549,d
762375,d
686809,d
86322,d
867977,d
810367,d
348785,d
138247,d
323871,d
275691,d
151476,d
718356,d
856345,d
245838,d
772401,d
417197,d
392620,d
827644,d
448711,d
758683,d
299610,d
928922,d
961655,d
410900,d
705040,d
773028,d
327466,d
548983,d
370710,d
705426,d
470309,d
285344,d
171107,d
176005,d
472872,d
980925,d
961083,d
344194,d
547859,d
323129,d
924575,d
364359,d
45542,d
549173,d
862988,d
740797,d
885199,d
111481,d
687981,d
597505,d
112523,d
868073,d
672264,d
962333,d
812152,d
109677,d
521232,d
321701,d
241757,d
231673,d
573663,d
123471,d
255195,d
886062,d
574167,d
247988,d
600896,d
554039,d2
621163,d2
896420,d2
805142,d2
976943,d2
191884,d2
354736,d2
897372,d2
133722,d2
956837,d2
805956,d2
28085,d2
884388,d2
515060,d2
124840,d2
353585,d2
523865,d2
64949,d2
326000,d2
464418,d2
317574,d2
911750,d2
341751,d2
913430,d2
878018,d2
432522,d2
885050,d2
592610,d2
288798,d2
449705,d2
684159,d2
204808,d2
272485,d2
122855,d2
602500,d2
373319,d2
279016,d2
943913,d2
342771,d2
690486,d2
103264,d2
394761,d2
116477,d2
444999,d2
162725,d2
264790,d2
311878,d2
667038,d2
165742,d2
675776,d2
833245,d2
459208,d2
111502,d2
207547,d2
182230,d2
17420,d2
314782,d2
343095,d2
583543,d2
948037,d2
535031,d2
768736,d2
855936,d2
703094,d2
162745,d2
379588,d2
138545,d2
83686,d2
271251,d2
276360,d2
618949,d2
641885,d2
727766,d2
671903,d2
32087,d2
49234,d2
346854,d2
740971,d2
522220,d2
680356,d2
675708,d2
744609,d2
373941,d2
604189,d2
435321,d2
893889,d2
802002,d2
216079,d2
280477,d2
147826,d2
87383,d2
854603,d2
138140,d2
877202,d2
41540,d2
115303,d2
760865,d2
32313,d2
83429,d2
137068,d2
356785,d2
50592,d2
147269,d2
309287,d2
613625,d2
92962,d2
416351,d2
416314,d2
167911,d2
497983,d2
447971,d2
149229,d2
671100,d2
533033,d2
570670,d2
563927,d2
680692,d2
487000,d2
403613,d2
800828,d2
906344,d2
108072,d2
392322,d2
602496,d2
489525,d2
865142,d2
381526,d2
200362,d2
800256,d2
920241,d2
565390,d2
898868,d2
200394,d2
94295,d2
616417,d2
514275,d2
581658,d2
75054,d2
249356,d2
806730,d2
382064,d2
62445,d2
376367,d2
594615,d2
601346,d2
343940,d2
820836,d2
930340,d2
546355,d2
973365,d2
882764,d2
556196,d2
819174,d2
564021,d2
386366,d2
251375,d2
766778,d2
677754,d2
546552,d2
850868,d2
406916,d2
585024,d2
842335,d2
780143,d2
392801,d2
494633,d2
418518,d2
532487,d2
964150,d2
461440,d2
493854,d2
111394,d2
420700,d2
822214,d2
60081,d2
193734,d2
334947,d2
266571,d2
797646,d2
770244,d2
265809,d2
798343,d2
365549,d2
487527,d2
986965,d2
306025,d2
552328,d2
650934,d2
403238,d2
916940,d2
112521,d2
437967,d2
129232,d2
891419,d2
441340,d2
670242,d2
151586,d2
432564,d2
686229,d2
840885,d2
70369,d2
750068,d2
7489,d2
277497,d2
955552,d2
667441,d2
894359,d2
5766,d2
298341,d2
977446,d2
553648,d2
881242,d2
816666,d2
248365,d2
289297,d2
227306,d2
534707,d2
499882,d2
57525,d2
561223,d2
332817,d2
16979,d2
408322,d2
180227,d2
710364,d2
148785,d2
25565,d2
722691,d2
418876,d2
97812,d2
203193,d2
893550,d2
616618,d2
732506,d2
728209,d2
813012,d2
151896,d2
469176,d2
344859,d2
642803,d2
879899,d2
932578,d2
24891,d2
134441,d2
560039,d2
163752,d2
445601,d2
709669,d2
976798,d2
586072,d2
455969,d2
804284,d2
7884,d2
757557,d2
588446,d2
351624,d2
779492,d2
167270,d2
980626,d2
782032,d2
2526,d2
591460,d2
541404,d2
473984,d2
953211,d2
893324,d2
416504,d2
841997,d2
365634,d2
45989,d2
526969,d2
152163,d2
846842,d2
69486,d2
565423,d2
502802,d2
196516,d2
38899,d2
875538,d2
56859,d2
66487,d2
94044,d2
327799,d2
867704,d2
625674,d2
776666,d2
621311,d2
616489,d2
212705,d2
617306,d2
87481,d2
649453,d2
317212,d2
974699,d2
558543,d2
826902,d2
254333,d2
814238,d2
346169,d2
639209,d2
595056,d2
789533,d2
409426,d2
396608,d2
245705,d2
339194,d2
403815,d2
800499,d2
578096,d2
314815,d2
63572,d2
642819,d2
646921,d2
893772,d2
708208,d2
402713,d2
110295,d2
911281,d2
595538,d2
426284,d2
25265,d2
582309,d2
875423,d2
673419,d2
167031,d2
693886,d2
606482,d2
514505,d2
828020,d2
127733,d2
849179,d2
603531,d2
854344,d2
434083,d2
960480,d2
710523,d2
239256,d2
187603,d2
541486,d2
276527,d2
129242,d2
152257,d2
584210,d2
449143,d2
228301,d2
729104,d2
990654,d2
843122,d2
580800,d2
423811,d2
141287,d2
584677,d2
597557,d2
620731,d2
348467,d2
813739,d2
58820,d2
691893,d2
39841,d2
935005,d2
794554,d2
306151,d2
99015,d2
878068,d2
384641,d2
551211,d2
91712,d2
276958,d2
596722,d2
840796,d2
306597,d2
160304,d2
10934,d2
775863,d2
641377,d2
750409,d2
445547,d2
812123,d2
967704,d2
51762,d2
844316,d2
346182,d2
348136,d2
363472,d2
129165,d2
69845,d2
342478,d2
289360,d2
782281,d2
750864,d2
84680,d2
626373,d2
751052,d2
100498,d2
816506,d2
891844,d2
273164,d2
279371,d2
94382,d2
18462,d2
25292,d2
217670,d2
865317,d2
613496,d2
720939,d2
22379,d2
947133,d2
615749,d2
943627,d2
991274,d2
272084,d2
869495,d2
804224,d2
381867,d2
25147,d2
39122,d2
419530,d2
584558,d2
687640,d2
394506,d2
763157,d2
985357,d2
946824,d2
356338,d2
802342,d2
237425,d2
255522,d2
668796,d2
703030,d2
707527,d2
95036,d2
631233,d2
296815,d2
283170,d2
913016,d2
936334,d2
775583,d2
199441,d2
828662,d2
48063,d2
502147,d2
781037,d2
96240,d2
552287,d2
881512,d2
320361,d2
682462,d2
194578,d2
952410,d2
54662,d2
949882,d2
210587,d2
433524,d2
763918,d2
490930,d2
646312,d2
772389,d2
665585,d2
24570,d2
335409,d2
774663,d2
252261,d2
769019,d2
228292,d2
347246,d2
198369,d2
341748,d2
563506,d2
310907,d2
939505,d2
348948,d2
66898,d2
757467,d2
601758,d2
497157,d2
105818,d2
972318,d2
165851,d2
209328,d2
845665,d2
65728,d2
526247,d2
293497,d2
891953,d2
363987,d2
796923,d2
887260,d2
703611,d2
930601,d2
868704,d2
308266,d2
462260,d2
20896,d2
721264,d2
521585,d2
183392,d2
128417,d2
357256,d2
307111,d2
246205,d2
765776,d2
522194,d2
33227,d2
42178,d2
686724,d2
270181,d2
97782,d2
450347,d2
835341,d2
581441,d2
591722,d2
385850,d2
740167,d2
50748,d2
184507,d2
868197,d2
227544,d2
496071,d2
523865,d2
784783,d2
599142,d2
702230,d2
623800,d2
226901,d2
360241,d2
764618,d2
988909,d2
376819,d2
55481,d2
817104,d2
632601,d2
109599,d2
521720,d2
636514,d2
585124,d2
847115,d2
576122,d2
987672,d2
400497,d2
197224,d2
483210,d2
113691,d2
497584,d2
658584,d2
349830,d2
351051,d2
960790,d2
372804,d2
545392,d2
622778,d2
551156,d2
368964,d2
486877,d2
34180,d2
685522,d2
693349,d2
387022,d2
779637,d2
346920,d2
60555,d2
816023,d2
580773,d2
326262,d2
323856,d2
416886,d2
431495,d2
777334,d2
673292,d2
48006,d2
882556,d2
415508,d2
304076,d2
375434,d2
809680,d2
711093,d2
953209,d2
333215,d2
310616,d2
43158,d2
120515,d2
988886,d2
988692,d2
593032,d2
879546,d2
237433,d2
253778,d2
28184,d2
495021,d2
547655,d2
148012,d2
726084,d2
169542,d2
595100,d2
43587,d2
893660,d2
368911,d2
780152,d2
940245,d2
518607,d2
502242,d2
774754,d2
643339,d2
44522,d2
530442,d2
611892,d2
15635,d2
744269,d2
417821,d2
747337,d2
146229,d2
509643,d2
983763,d2
509131,d2
866167,d2
364909,d2
962517,d2
728624,d2
450032,d2
402486,d2
533283,d2
506247,d2
850243,d2
386897,d2
703595,d2
190754,d2
59902,d2
623213,d2
430525,d2
896607,d2
689211,d2
80028,d2
953064,d2
597360,d2
703960,d2
762989,d2
573050,d2
456255,d2
408797,d2
668856,d2
220762,d2
736701,d2
681934,d2
333083,d2
954840,d2
368699,d2
251196,d2
555672,d2
157191,d2
387731,d2
568913,d2
37963,d2
654945,d2
207854,d2
744077,d2
692277,d2
452215,d2
992135,d2
468427,d2
716804,d2
392663,d2
320719,d2
412361,d2
82034,d2
491786,d2
49595,d2
189701,d2
651346,d2
606928,d2
559503,d2
29339,d2
654975,d2
383677,d2
352139,d2
321672,d2
481887,d2
329908,d2
800320,d2
440831,d2
736553,d2
422731,d2
374369,d2
55012,d2
118608,d2
686132,d2
513121,d2
992963,d2
593068,d2
402245,d2
598687,d2
241747,d2
657697,d2
449337,d2
851142,d2
679325,d2
172685,d2
484582,d2
592566,d2
318343,d2
445529,d2
340214,d2
793024,d2
442063,d2
611898,d2
207737,d2
331026,d2
504037,d2
403973,d2
897483,d2
200335,d2
637064,d2
4751,d2
605513,d2
835097,d2
334172,d2
911328,d2
545671,d2
193811,d2
332287,d2
928925,d2
205810,d2
434410,d2
6575,d2
728163,d2
229684,d2
708902,d2
898681,d2
438533,d2
994142,d2
658476,d2
957184,d2
889219,d2
428566,d2
660565,d2
920499,d2
550198,d2
175655,d2
117913,d2
697284,d2
558921,d2
947505,d2
530201,d2
758065,d2
702667,d2
185464,d2
565476,d2
940534,d2
291270,d2
264145,d2
172659,d2
954510,d2
115132,d2
880983,d2
895907,d2
857077,d2
23128,d2
93520,d2
299075,d2
742228,d2
462787,d2
303757,d2
740765,d2
666514,d2
587454,d2
866056,d2
406024,d2
973393,d2
855494,d2
58478,d2
193586,d2
664055,d2
459804,d2
979847,d2
44082,d2
235379,d2
60674,d2
20959,d2
515960,d2
676368,d2
203629,d2
34592,d2
76307,d2
307965,d2
323436,d2
69645,d2
747856,d2
566225,d2
296283,d2
964977,d2
588138,d2
614356,d2
522174,d2
475079,d2
256739,d2
180839,d2
970929,d2
890058,d2
248150,d2
411065,d2
979947,d2
362695,d2
449408,d2
651060,d2
698205,d2
367331,d2
976428,d2
982897,d2
777681,d2
866930,d2
773315,d2
541139,d2
865067,d2
35023,d2
821940,d2
906097,d2
169055,d2
241254,d2
406153,d2
668862,d2
585835,d2
232707,d2
598629,d2
228391,d2
647937,d2
957156,d2
632731,d2
696102,d2
771132,d2
553682,d2
689704,d2
642158,d2
489084,d2
667358,d2
364347,d2
807188,d2
969317,d2
881531,d2
527214,d2
410603,d2
5696,d2
430023,d2
454796,d2
166015,d2
263232,d2
352192,d2
473249,d2
659352,d2
380843,d2
176629,d2
156431,d2
210676,d2
812596,d2
210822,d2
745376,d2
153120,d2
454405,d2
880161,d2
202609,d2
874570,d2
369565,d2
722544,d2
477302,d2
622940,d2
998723,d2
386300,d2
328008,d2
583343,d2
353173,d2
523559,d2
579580,d2
934376,d2
223279,d2
134086,d2
420129,d2
214182,d2
956960,d2
146367,d2
878277,d2
43505,d2
145992,d2
425162,d2
251034,d2
80125,d2
601194,d2
336500,d2
820935,d2
706732,d2
960854,d2
391499,d2
632762,d2
17862,d2
822486,d2
789309,d2
598836,d2
114170,d2
254295,d2
415503,d2
840219,d2
48145,d2
224727,d2
652004,d2
875207,d2
495818,d2
968512,d2
161729,d2
625905,d2
370506,d2
826810,d2
583392,d2
702242,d2
154678,d2
677238,d2
374885,d2
193388,d2
120894,d2
732790,d2
487982,d2
195476,d2
665038,d2
658384,d2
853922,d2
233769,d2
827452,d2
489442,d2
596562,d2
895228,d2
504790,d2
329068,d2
465600,d2
672209,d2
738559,d2
606347,d2
608120,d2
381178,d2
861463,d2
502840,d2
813133,d2
684607,d2
300345,d2
143190,d2
206903,d2
397334,d2
274720,d2
142181,d2
60410,d2
632344,d2
514852,d2
214257,d2
463898,d2
376637,d2
239054,d2
129987,d2
631947,d2
395332,d2
538497,d2
839437,d2
365589,d2
844757,d2
316419,d2
646755,d2
669971,d2
802505,d2
557351,d2
259595,d2
403496,d2
364796,d2
484350,d2
92555,d2
263524,d2
658103,d2
556320,d2
238318,d2
815030,d2
590375,d2
630144,d2
730734,d2
76153,d2
249437,d2
242279,d2
961897,d2
218677,d2
651132,d2
499382,d2
584063,d2
555536,d2
883224,d2
864682,d2
33509,d2
485200,d2
148254,d2
623128,d2
596861,d2
992938,d2
252457,d2
552955,d2
464691,d2
417601,d2
106011,d2
866621,d2
56046,d2
387811,d2
613583,d2
928255,d2
194341,d2
10417,d2
375097,d2
564128,d2
321817,d2
41965,d2
813469,d2
911127,d2
526841,d2
795580,d2
418902,d2
955234,d2
903721,d2
763310,d2
487159,d2
511959,d2
908113,d2
349397,d2
549804,d2
194127,d2
581751,d2
232416,d2
867430,d2
560733,d2
75078,d2
624784,d2
972107,d2
219226,d2
726828,d2
492872,d2
830433,d2
349706,d2
798657,d2
616157,d2
672528,d2
801974,d2
544080,d2
983043,d2
994962,d2
785144,d2
887393,d2
705803,d2
635801,d2
417106,d2
30894,d2
418871,d2
765578,d2
310677,d2
822124,d2
872257,d2
371193,d2
913419,d2
41880,d2
276683,d2
296860,d2
211218,d2
955434,d2
393305,d2
235962,d2
918541,d2
237583,d2
873587,d2
58901,d2
299901,d2
909943,d2
202894,d2
627996,d2
113603,d2
286366,d2
819142,d2
440236,d2
575750,d2
676550,d2
861797,d2
538496,d2
9161,d2
522688,d2
108459,d2
487285,d2
548035,d2
355418,d2
369992,d2
650586,d2
175892,d2
23900,d2
113709,d2
920989,d2
792706,d2
861405,d2
380588,d2
620351,d2
707491,d2
377074,d2
782510,d2
416204,d2
902023,d2
394052,d2
65077,d2
51617,d2
331965,d2
912471,d2
489370,d2
750173,d2
352194,d2
58489,d2
117004,d2
210108,d2
965842,d2
451060,d2
889947,d2
145939,d2
373510,d2
404661,d2
965433,d2
733350,d2
18420,d2
501828,d2
906011,d2
625072,d2
42483,d2
797062,d2
276195,d2
280456,d2
126484,d2
17441,d2
65920,d2
617391,d2
519162,d2
721080,d2
271883,d2
533856,d2
589427,d2
127534,d2
693286,d2
662977,d2
813701,d2
306615,d2
928227,d2
591594,d2
159726,d2
711543,d2
287228,d2
569341,d2
982403,d2
793719,d2
556676,d2
95074,d2
249616,d2
636425,d2
399243,d2
526576,d2
783907,d2
403905,d2
937269,d2
877540,d2
893157,d2
211518,d2
74299,d2
319863,d2
716864,d2
493438,d2
469809,d2
878224,d2
69054,d2
516639,d2
551591,d2
711061,d2
8397,d2
409122,d2
315649,d2
850374,d2
448387,d2
322402,d2
250433,d2
179752,d2
452712,d2
18919,d2
717481,d2
519635,d2
731656,d2
1803,d2
961913,d2
270403,d2
934583,d2
619431,d2
474015,d2
330202,d2
773537,d2
798096,d2
534766,d2
61603,d2
215023,d2
517821,d2
708282,d2
184303,d2
151349,d2
616076,d2
970234,d2
148204,d2
352371,d2
937877,d2
983985,d2
530617,d2
124257,d2
424630,d2
620728,d2
920683,d2
985754,d2
297071,d2
196128,d2
185044,d2
648951,d2
480592,d2
373090,d2
902724,d2
361653,d2
285533,d2
443383,d2
596246,d2
571496,d2
103917,d2
390885,d2
570594,d2
403756,d2
937067,d2
154983,d2
669678,d2
453276,d2
677107,d2
196641,d2
530427,d2
55431,d2
933334,d2
126142,d2
800535,d2
212491,d2
672146,d2
486640,d2
532611,d2
374352,d2
269836,d2
786675,d2
248178,d2
195116,d2
428374,d2
497782,d2
725721,d2
460906,d2
711080,d2
768315,d2
421253,d2
346587,d2
111162,d2
601795,d2
136413,d2
654825,d2
535357,d2
555125,d2
492922,d2
410909,d2
171887,d2
300902,d2
168125,d2
95820,d2
738956,d2
436444,d2
407186,d2
390165,d2
694697,d2
503393,d2
377925,d2
138169,d2
472503,d2
427275,d2
958402,d2
326778,d2
283654,d2
599272,d2
108467,d2
876541,d2
69725,d2
810673,d2
167400,d2
649922,d2
601027,d2
660827,d2
627884,d2
909927,d2
935673,d2
459920,d2
948892,d2
287373,d2
651295,d2
346525,d2
364466,d2
507570,d2
963079,d2
19937,d2
115626,d2
594325,d2
44034,d2
752766,d2
561479,d2
375732,d2
895017,d2
433223,d2
925745,d2
817698,d2
310260,d2
71517,d2
10376,d2
883172,d2
897511,d2
9856,d2
625277,d2
634168,d2
432347,d2
19240,d2
478540,d2
726257,d2
367600,d2
831078,d2
928691,d2
709019,d2
682884,d2
558882,d2
3873,d2
330628,d2
749405,d2
709022,d2
808682,d2
164639,d2
93077,d2
129426,d2
191665,d2
782662,d2
563981,d2
75321,d2
213530,d2
157760,d2
627066,d2
247895,d2
212731,d2
736601,d2
364406,d2
525603,d2
963000,d2
96886,d2
153006,d2
832077,d2
344147,d2
594428,d2
748879,d2
175407,d2
596357,d2
987653,d2
80370,d2
887651,d2
711170,d2
780145,d2
988263,d2
296682,d2
606036,d2
97254,d2
738264,d2
558701,d2
297332,d2
589090,d2
679138,d2
167509,d2
139173,d2
516145,d2
589692,d2
454670,d2
166491,d2
433733,d2
925031,d2
226860,d2
768477,d2
993389,d2
86572,d2
260245,d2
335046,d2
612897,d2
78311,d2
304744,d2
560251,d2
156625,d2
672311,d2
513293,d2
829688,d2
536362,d2
89948,d2
612342,d2
71452,d2
445756,d2
736320,d2
109479,d2
666440,d2
569413,d2
940357,d2
383677,d2
164526,d2
959520,d2
427987,d2
173918,d2
718548,d2
246526,d2
453384,d2
615270,d2
452435,d2
425640,d2
976912,d2
953724,d2
702361,d2
382309,d2
216442,d2
115043,d2
969774,d2
313441,d2
239767,d2
407801,d2
119479,d2
626822,d2
118806,d2
33368,d2
194247,d2
562598,d2
82353,d2
399578,d2
112068,d2
708276,d2
855197,d2
285925,d2
286854,d2
166036,d2
690870,d2
957479,d2
379186,d2
465417,d2
277958,d2
24141,d2
511922,d2
594445,d2
528184,d2
705294,d2
795796,d2
956790,d2
467565,d2
437757,d2
472647,d2
608057,d2
440153,d2
532043,d2
49939,d2
926068,d2
487652,d2
109258,d2
10987,d2
483905,d2
898541,d2
976149,d2
403955,d2
628776,d2
813731,d2
689436,d2
390825,d2
621744,d2
663723,d2
373195,d2
888405,d2
828644,d2
595390,d2
331116,d2
111800,d2
38287,d2
599466,d2
627706,d2
84726,d2
684482,d2
919109,d2
669522,d2
308269,d2
478091,d2
716068,d2
734251,d2
954440,d2
385585,d2
175995,d2
155727,d2
4831,d2
481681,d2
733394,d2
480488,d2
709255,d2
791583,d2
600408,d2
783071,d2
582546,d2
272526,d2
228796,d2
464424,d2
386075,d2
727851,d2
114450,d2
991500,d2
931254,d2
293564,d2
531433,d2
105839,d2
84705,d2
625454,d2
929248,d2
298529,d2
315851,d2
37024,d2
175063,d2
413766,d2
64205,d2
968040,d2
160406,d2
914406,d2
52004,d2
443034,d2
586266,d2
367,d2
91307,d2
666013,d2
508585,d2
391862,d2
647876,d2
269087,d2
489942,d2
595445,d2
702790,d2
801895,d2
236220,d2
291952,d2
758599,d2
361837,d2
150330,d2
825693,d2
341035,d2
468259,d2
510753,d2
167490,d2
54662,d2
149748,d2
833525,d2
49541,d2
724901,d2
381426,d2
463016,d2
603906,d2
864476,d2
932860,d2
777517,d2
655752,d2
174422,d2
437508,d2
622949,d2
733238,d2
778259,d2
260003,d2
801331,d2
309632,d2
411533,d2
19697,d2
934444,d2
244943,d2
250770,d2
165651,d2
40201,d2
676719,d2
106822,d2
121698,d2
519848,d2
910917,d2
640757,d2
929046,d2
201588,d2
104779,d2
676616,d2
118793,d2
520725,d2
425045,d2
133034,d2
635963,d2
109904,d2
489580,d2
702598,d2
281695,d2
368886,d2
553044,d2
644475,d2
666627,d2
829914,d2
678182,d2
856527,d2
780577,d2
712374,d2
931052,d2
277874,d2
298859,d2
725947,d2
649356,d2
930322,d2
420746,d2
30766,d2
709202,d2
7816,d2
756655,d2
267498,d2
40982,d2
617972,d2
38791,d2
505990,d2
233624,d2
250477,d2
384861,d2
115654,d2
689463,d2
894457,d2
817645,d2
187780,d2
391406,d2
961880,d2
592947,d2
963062,d2
759494,d2
195023,d2
475669,d2
578075,d2
570222,d2
47406,d2
345911,d2
805343,d2
392576,d2
333063,d2
126756,d2
163366,d2
191677,d2
648474,d2
219322,d2
668053,d2
545917,d2
653964,d2
507017,d2
818572,d2
524127,d2
880637,d2
140481,d2
171677,d2
922299,d2
407847,d2
34923,d2
947223,d2
371573,d2
55225,d2
86084,d2
19039,d2
839791,d2
546641,d2
994949,d2
54943,d2
523785,d2
292139,d2
600001,d2
873290,d2
752676,d2
645942,d2
329129,d2
566376,d2
52756,d2
933706,d2
118288,d2
465129,d2
457149,d2
348675,d2
132825,d2
569409,d2
75503,d2
623424,d2
818628,d2
960754,d2
470125,d2
466913,d2
506794,d2
201595,d2
848568,d2
408111,d2
668336,d2
232808,d2
983224,d2
277215,d2
16108,d2
492211,d2
393888,d2
437672,d2
727179,d2
963507,d2
744515,d2
966895,d2
640126,d2
522214,d2
165490,d2
267876,d2
708495,d2
164366,d2
723071,d2
602142,d2
311436,d2
59471,d2
581101,d2
186306,d2
374859,d2
240964,d2
260248,d2
360994,d2
670706,d2
713008,d2
801004,d2
981062,d2
978485,d2
79747,d2
484031,d2
579275,d2
532141,d2
45467,d2
923378,d2
292275,d2
493187,d2
906982,d2
659500,d2
293388,d2
907078,d2
733940,d2
43521,d2
989971,d2
812052,d2
917872,d2
814788,d2
8976,d2
846255,d2
516802,d2
932113,d2
314778,d2
669109,d2
414571,d2
533804,d2
463686,d2
61624,d2
902081,d2
451702,d2
533180,d2
780726,d2
885144,d2
751542,d2
628664,d2
208914,d2
127143,d2
380398,d2
576547,d2
824200,d2
122698,d2
233650,d2
705277,d2
294478,d2
479596,d2
647261,d2
379662,d2
653612,d2
61431,d2
677812,d2
748063,d2
332811,d2
660642,d2
569416,d2
537608,d2
133334,d2
238716,d2
934231,d2
662827,d2
649166,d2
635456,d2
441280,d2
48818,d2
752709,d2
606371,d2
180125,d2
811550,d2
336166,d2
121559,d2
89457,d2
48057,d2
754867,d2
870618,d2
944610,d2
191652,d2
791529,d2
856769,d2
786825,d2
969832,d2
421049,d2
935738,d2
174434,d2
28162,d2
641583,d2
510031,d2
29348,d2
152893,d2
945124,d2
810144,d2
952378,d2
593396,d2
608551,d2
301140,d2
924876,d2
336541,d2
763794,d2
20456,d2
58177,d2
615093,d2
154291,d2
589541,d2
298625,d2
304480,d2
479169,d2
303499,d2
68621,d2
350046,d2
650283,d2
728203,d2
318749,d2
3687,d2
959069,d2
459791,d2
521711,d2
154817,d2
625342,d2
972806,d2
523490,d2
315438,d2
46847,d2
148605,d2
323901,d2
690972,d2
572475,d2
24411,d2
737274,d2
778869,d2
465280,d2
486288,d2
201558,d2
340123,d2
367344,d2
78375,d2
672690,d2
812025,d2
175538,d2
417042,d2
321860,d2
78578,d2
48018,d2
610916,d2
485975,d2
979825,d2
919303,d2
200480,d2
54140,d2
78312,d2
30190,d2
185426,d2
838,d2
56336,d2
968914,d2
423031,d2
92701,d2
104486,d2
732704,d2
748759,d2
949263,d2
467625,d2
153172,d2
825211,d2
281559,d2
301110,d2
740744,d2
88606,d2
122233,d2
606135,d2
912396,d2
723485,d2
532493,d2
355495,d2
398563,d2
58715,d2
482933,d2
630440,d2
324566,d2
816869,d2
86868,d2
1769,d2
648910,d2
3825,d2
205895,d2
616983,d2
773509,d2
717025,d2
901943,d2
785464,d2
1324,d2
25080,d2
108339,d2
556354,d2
112782,d2
600290,d2
886164,d2
694891,d2
248353,d2
283512,d2
656500,d2
275942,d2
938096,d2
839521,d2
142075,d2
202449,d2
548942,d2
593102,d2
710029,d2
88120,d2
400817,d2
294956,d2
590509,d2
134003,d2
622905,d2
419396,d2
920639,d2
647341,d2
429797,d2
572289,d2
221021,d2
353330,d2
232731,d2
386254,d2
684650,d2
420507,d2
192039,d2
296606,d2
967655,d2
661072,d2
218839,d2
903769,d2
750929,d2
443986,d2
50285,d2
353634,d2
626239,d2
902887,d2
44469,d2
418316,d2
72212,d2
381607,d2
996672,d2
793404,d2
770400,d2
911828,d2
597545,d2
404726,d2
410521,d2
75014,d2
994493,d2
149257,d2
651694,d2
758721,d2
238250,d2
508991,d2
515354,d2
876197,d2
743144,d2
403861,d2
287767,d2
181738,d2
764776,d2
750225,d2
270648,d2
764542,d2
771727,d2
446661,d2
290115,d2
980559,d2
728467,d2
635134,d2
805771,d2
75310,d2
347990,d2
148196,d2
793001,d2
913195,d2
885883,d2
288143,d2
60452,d2
275664,d2
398836,d2
443016,d2
356775,d2
220104,d2
506000,d2
950798,d2
740577,d2
594858,d2
160956,d2
965012,d2
139872,d2
758980,d2
945931,d2
716661,d2
729898,d2
458756,d2
315028,d2
987786,d2
409863,d2
490905,d2
479063,d2
468897,d2
857867,d2
707363,d2
365596,d2
11277,d2
814740,d2
943654,d2
669431,d2
335083,d2
288315,d2
748192,d2
842534,d2
524335,d2
22361,d2
858679,d2
884923,d2
69366,d2
332478,d2
478027,d2
77923,d2
417148,d2
503762,d2
640442,d2
709789,d2
337348,d2
566671,d2
452297,d2
768526,d2
81220,d2
89337,d2
417030,d2
614164,d2
326100,d2
465156,d2
568293,d2
605762,d2
3473,d2
130994,d2
20639,d2
29985,d2
819773,d2
131573,d2
718706,d2
963149,d2
293052,d2
192702,d2
413935,d2
569090,d2
455755,d2
714690,d2
113721,d2
923985,d2
55466,d2
386148,d2
750705,d2
26827,d2
896207,d2
102466,d2
220963,d2
70341,d2
192945,d2
390394,d2
398331,d2
694636,d2
919422,d2
657902,d2
129182,d2
446555,d2
713159,d2
213951,d2
667864,d2
909368,d2
13842,d2
846194,d2
173925,d2
180072,d2
829670,d2
653565,d2
701250,d2
976523,d2
845462,d2
557686,d2
447663,d2
52371,d2
548054,d2
741680,d2
652185,d2
67852,d2
479514,d2
266381,d2
626476,d2
104960,d2
955666,d2
344635,d2
264678,d2
144622,d2
918585,d2
999646,d2
60699,d2
480067,d2
838808,d2
235010,d2
458836,d2
864859,d2
636009,d2
915943,d2
729058,d2
615654,d2
326353,d2
631029,d2
986363,d2
913477,d2
850669,d2
607335,d2
402998,d2
308834,d2
896704,d2
646762,d2
135618,d2
613067,d2
567654,d2
837057,d2
428096,d2
703590,d2
839608,d2
731804,d2
216629,d2
103650,d2
924858,d2
309396,d2
456820,d2
50728,d2
764347,d2
541821,d2
900425,d2
738855,d2
868924,d2
384958,d2
28003,d2
912100,d2
994041,d2
559336,d2
378513,d2
509104,d2
744973,d2
577090,d2
867185,d2
271883,d2
864961,d2
389949,d2
339984,d2
191424,d2
430830,d2
102405,d2
824223,d2
802427,d2
766592,d2
725599,d2
889085,d2
422676,d2
493864,d2
107722,d2
212287,d2
943130,d2
389476,d2
241511,d2
581457,d2
502338,d2
379162,d2
489448,d2
932238,d2
548848,d2
532651,d2
75986,d2
284091,d2
999224,d2
911322,d2
657989,d2
171860,d2
57253,d2
642082,d2
95814,d2
202388,d2
624650,d2
400838,d2
876891,d2
405678,d2
315489,d2
783761,d2
646598,d2
893537,d2
398710,d2
448649,d2
980785,d2
13694,d2
263274,d2
33697,d2
33197,d2
324322,d2
130255,d2
435104,d2
709167,d2
562340,d2
882371,d2
624324,d2
927668,d2
793940,d2
701611,d2
87428,d2
754715,d2
432295,d2
957522,d2
710574,d2
749954,d2
813247,d2
887512,d2
662518,d2
983733,d2
739993,d2
891268,d2
362079,d2
863629,d2
579557,d2
922435,d2
468503,d2
179675,d2
480154,d2
673962,d2
996953,d2
174562,d2
22789,d2
381978,d2
823056,d2
296000,d2
604289,d2
857951,d2
979398,d2
118922,d2
849235,d2
537159,d2
100181,d2
585856,d2
485014,d2
743690,d2
530376,d2
724312,d2
108815,d2
363164,d2
206814,d2
842997,d2
750488,d2
901181,d2
209413,d2
14093,d2
479419,d2
929455,d2
92177,d2
657585,d2
447744,d2
656786,d2
346921,d2
938487,d2
324311,d2
661872,d2
917351,d2
338921,d2
446143,d2
35541,d2
868085,d2
445381,d2
404497,d2
531440,d2
417514,d2
970281,d2
163187,d2
597709,d2
996703,d2
853711,d2
646040,d2
725429,d2
994224,d2
226584,d2
368066,d2
89559,d2
111734,d2
24040,d2
27859,d2
151759,d2
288185,d2
133910,d2
496051,d2
907885,d2
628013,d2
779349,d2
999120,d2
20708,d2
876208,d2
105031,d2
972603,d2
427261,d2
645419,d2
601945,d2
47284,d2
810566,d2
284644,d2
797479,d2
498298,d2
975689,d2
633860,d2
441830,d2
11062,d2
672763,d2
558190,d2
904661,d2
601995,d2
424778,d2
620014,d2
212433,d2
309568,d2
582075,d2
817225,d2
934889,d2
26381,d2
860929,d2
304987,d2
617947,d2
890989,d2
98802,d2
390713,d2
235970,d2
989502,d2
964568,d2
185325,d2
64819,d2
877952,d2
406862,d2
17835,d2
344185,d2
842322,d2
280666,d2
493255,d2
147403,d2
152495,d2
855547,d2
252589,d2
785909,d2
824953,d2
431440,d2
974576,d2
341857,d2
844619,d2
71266,d2
892986,d2
305225,d2
840158,d2
510913,d2
86190,d2
843507,d2
361753,d2
581546,d2
96615,d2
811852,d2
986486,d2
965188,d2
643937,d2
393845,d2
642355,d2
792739,d2
359083,d2
355689,d2
774296,d2
374538,d2
212709,d2
851719,d2
518084,d2
955118,d2
148577,d2
866757,d2
51237,d2
851021,d2
604858,d2
205228,d2
4219,d2
100123,d2
300946,d2
622098,d2
360075,d2
553350,d2
412443,d2
462703,d2
25208,d2
365274,d2
656554,d2
759135,d2
661072,d2
992987,d2
296325,d2
282294,d2
278885,d2
743278,d2
134341,d2
86610,d2
60861,d2
805468,d2
911110,d2
590745,d2
984773,d2
278776,d2
440798,d2
351846,d2
371112,d2
745196,d2
991114,d2
596509,d2
337199,d2
284134,d2
679209,d2
397806,d2
137141,d2
103207,d2
948642,d2
952045,d2
509839,d2
760443,d2
698734,d2
791665,d2
296855,d2
263556,d2
39703,d2
97159,d2
529237,d2
672358,d2
194432,d2
17004,d2
325109,d2
288384,d2
897603,d2
924260,d2
958638,d2
536630,d2
70274,d2
989625,d2
243372,d2
743798,d2
903738,d2
852456,d2
444544,d2
829706,d2
966280,d2
41556,d2
816472,d2
805181,d2
845900,d2
525532,d2
589994,d2
794743,d2
916709,d2
946387,d2
802489,d2
181530,d2
574871,d2
142210,d2
236573,d2
93941,d2
810053,d2
862175,d2
61235,d2
83330,d2
11715,d2
202089,d2
258111,d2
374280,d2
648914,d2
408940,d2
